page,sessions,engaged_sessions,total_users,new_users,views
/products/uv-cylindrical-printer-4-ricoh-gh220-printheads-bottles-tubes,16,4,14,13,18
/blogs/blog/how-to-print-t-shirts-with-a-dtf-printer,15,1,15,15,16
/,9,6,9,4,9
/products/single-head-15-needle-embroidery-machine-cap-support,8,4,8,6,10
/products/16-5-inch-all-one-dtf-printer-powder-shaker,7,1,7,7,7
/products/ultra-premium-hot-peel-24x328-feet,7,3,6,5,7
/products/24x32-hydraulic-heat-press-machine-large-format,6,3,6,3,11
/products/60x90cm-uv-flatbed-printer-3-epson-i3200-printheads,6,4,6,6,8
/products/automatic-bagging-packing-machine-for-apparel-fullfilment,6,3,5,4,5
/products/40x30cm-uv-flatbed-printer-dual-epson-i1600-printheads,6,3,5,3,5
/products/24-inch-dtf-printer-4-epson-i3200-printheads,6,1,6,4,6
/products/24-inch-dtf-printer-5-epson-i3200-printheads,5,3,5,4,5
/blogs/blog/guide-dtf-printer-for-beginners-and-for-small-businesses,4,1,4,2,2
/products/12-inch-uv-embossing-printer-epson-dx7-printhead-embroidery-effect,3,1,3,3,3
/collections/dtf-printers-and-dryers,3,1,3,1,3
/pages/about-dtf-printer-usa,3,1,3,2,3
/products/dtf-white-ink-1-liter,3,1,2,1,3
/products/double-matte-smart-peel-24x328-feet,3,2,3,1,2
/products/dtf-black-ink-1-liter,3,0,1,1,2
/blogs/blog/preventative-maintenance-routine-dtf-print-head,3,0,2,1,2
/collections/dtf-printer,3,2,2,0,2
/collections/dtf-printing-supplies-sale,2,2,2,1,3
/collections/dtf-transfer-powders,2,0,2,2,2
/products/12-inch-dtf-printer-dual-epson-i1600-printheads,2,0,2,1,2
/products/replacement-white-and-color-damper,2,1,2,2,2
/cart,2,2,2,0,2
/blogs/blog/best-heat-press-machines-for-all-your-needs-in-2025,2,2,2,2,2
/products/laser-cutting-machine-51-x-98-inch-150w-power,2,1,2,1,2
/products/75-inch-sublimation-printer-4-epson-i3200-printheads,2,2,2,0,2
/products/24-inch-dtf-powder-shaker-dryer-high-power,2,0,2,0,1
/blogs/blog/dtf-supplies-inks-films-powders-equipment-you-actually-need,2,0,2,2,2
/products/dtf-magenta-ink-1-liter,1,1,1,1,5
/products/20x24-hydraulic-heat-press-6-platens-industrial-use,1,1,1,1,3
/collections/uv-printers,1,1,1,1,2
/products/replacement-5x3mm-4-colors-ink-tube,1,1,1,1,2
/products/replacement-ssr-solid-state-relay,1,0,1,1,1
/collections/dtf-inks-t-shirts-hats,1,1,1,0,1
/products/replacement-white-ink-filter,1,1,1,1,1
/pages/contact-us,1,1,1,0,1
/products/dtf-strong-cleaning-solution,1,1,1,1,1
/blogs/blog/perfect-heat-transfer-sizes-for-every-t-shirt,1,1,1,0,1
/collections/dtf-inks,1,1,1,0,1
/account,1,1,1,0,1
/account/addresses,1,1,1,0,1
/account/register,1,1,1,0,1
/products/24-inch-fluorescent-dtf-printer-4-epson-i3200,1,1,1,1,1
/checkouts/cn/hWNBYOvJlSSHj8uPcAxmrtdx/en-us,1,1,1,0,1
/checkouts/cn/hWNBYOvJlSSHj8uPcAxmrtdx/en-us/thank-you,1,1,1,0,1
/products/4-head-15-needle-commercial-embroidery-machine,1,1,1,0,1
/collections/heat-press-machines,1,1,1,0,1
/blogs/blog/dtf-powder-shaker-pros-cons,1,0,1,1,1
/products/24-inch-automatic-dtf-powder-shaker-dryer,1,0,1,1,1
/products/replacement-main-board-dtf,1,0,1,1,1
/collections/heat-presses,1,0,1,1,1
/products/12-inch-triple-head-uv-dtf-printer-small,1,0,1,1,1
/blogs/blog/dtf-printing-stretch-test-for-performance-wear-durability,1,0,1,1,1
/blogs/blog/top-5-reasons-why-dtf-printing-is-perfect-for-small-businesses,1,0,1,1,1
/collections/embroidery-machines,1,0,1,1,1
/blogs/blog/anatomy-of-a-dtf-printer,1,0,1,1,1
/products/24-inch-uv-printer-3-epson-i3200-printheads,1,0,1,1,1
/collections/replacement-and-spare-parts,1,0,1,1,1
