keyword,impressions,clicks,ctr,position
dtf printer usa,37,23,62.160000000000004%,1.16
hp-1624h,2,2,100%,2.5
dtf uv printer,2,2,100%,4.5
dtf printer,43,1,2.33%,7.6
dtf transfer paper,4,1,25%,3.0
dtf printer parts name with image,4,1,25%,1.0
dtf moisturizing liquid,4,1,25%,3.0
rustic united dtf printer,4,1,25%,2.0
dtfprinterusa.com,3,1,33.33%,3.33
dtf printer i1600 all in one,3,1,33.33%,1.0
american made dtf printer,3,1,33.33%,5.0
stretch dtf,3,1,33.33%,2.0
komhow dtf printer official support phone number usa phone number,3,1,33.33%,4.0
dtf printer usa price,2,1,50%,1.0
white ink oump trf 385,2,1,50%,1.0
"dtf printer usa; heatpressusa hr-2024h-4, 20 x 24"" hydraulic rotary heat press for industrial use""",2,1,50%,1.5
dtf 24h4 dryer belt conveyor belt replacement,2,1,50%,2.5
explus automatic a1dtf powder shaker and dryer machine,2,1,50%,3.0
replacement main board on dtf printer,1,1,100%,1.0
3w ink circulation pump replacement,1,1,100%,2.0
dtf transfer vs sublimation,1,1,100%,2.0
dtf printing paper,1,1,100%,2.0
uvdtf printer usa,1,1,100%,1.0
what is uv printing called,1,1,100%,3.0
can i used alcohol to clean a dtf print head,1,1,100%,2.0
rustic united printer,1,1,100%,2.0
dtf 12h2 printer main board replacement,1,1,100%,1.0
ricoma dtf printer parts,1,1,100%,3.0
dtf-sg-a3s02-v2,1,1,100%,6.0
which dtf powder to use on stretchy material,1,1,100%,3.0
ack dtf printer head replacement,1,1,100%,2.0
automatic heat transfer press machine dtf heat press,1,1,100%,4.0
is it worth buying a dtf printer for my buisness. what is the cost of owning one?,1,1,100%,3.0
buy dtf printer in usa,1,1,100%,1.0
what is a dtf printer machine,1,1,100%,2.0
mcgrady timing dtf dry belt,1,1,100%,4.0
24in dtf printer,1,1,100%,2.0
dtf printer usa head cable,1,1,100%,1.0
dtf printer needs to be cleaned after each print,1,1,100%,2.0
dtf printers usa.com,1,1,100%,1.0
dtfprnterusa,1,1,100%,1.0
the future of dtf,1,1,100%,1.0
dye sublimation vs premium printing,1,1,100%,1.0
rustik united dtf printer,1,1,100%,2.0
what is the best dtf powder,1,1,100%,4.0
dtf printers us,1,1,100%,1.0
what is involvd in dtf printing,1,1,100%,2.0
with three epson i3200 printer,1,1,100%,3.0
dtf film roll,1,1,100%,6.0
printer dtf uv,1,1,100%,6.0
sublimation,90,0,0%,8.91
uv dtf printer,44,0,0%,5.5
. (site:dtfprinterusa.com),42,0,0%,4.0
dtf transfer supplier usa,30,0,0%,7.33
what tshirt material is typically used for dtf printing,14,0,0%,9.0
dtf printers,6,0,0%,6.33
best dtf printer for small business,6,0,0%,6.83
dtfprinter.com,6,0,0%,3.67
uv printer,6,0,0%,21.5
hydraulic heat press machine,5,0,0%,5.8
what is uv printing,5,0,0%,8.0
dtf,5,0,0%,7.8
dtf printer parts catalog,5,0,0%,3.8
dtf printers for sale,5,0,0%,5.6
dtf printing vs dye sublimation,4,0,0%,5.0
what is a dtf machine,4,0,0%,1.5
dtf channel flush utility,4,0,0%,5.5
dtfusa,4,0,0%,1.75
dtf print usa,4,0,0%,2.0
heat transfer printer machine,3,0,0%,8.33
explus customer service dtf printer,3,0,0%,4.0
what is dtf printing,3,0,0%,8.0
what is the beat dtf printet for small business,3,0,0%,4.67
new off and on switch for a gallery dtf dryer,3,0,0%,1.0
sublimation like dtf,3,0,0%,2.33
dtfprintsusa.com,3,0,0%,7.0
dtf moisturizing liquid 1 litre,3,0,0%,4.0
uv dtf cleaning solution,3,0,0%,2.0
control board for dtf printer inkone ds1,3,0,0%,5.0
future dtf,3,0,0%,5.67
dtf print agent,3,0,0%,10.0
24inch dtf printer,3,0,0%,2.33
uv dtf printers usa,2,0,0%,1.0
haolic xp600 parts,2,0,0%,6.0
texas heat press,2,0,0%,7.0
what is dtf,2,0,0%,8.0
t shirt measurement chart for heat press,2,0,0%,5.0
"g for the same film i use. i use dtf printer usa film, double matt hot peel. i think it is 100micron thickness.#N##N##N##N#please advise.#N##N#thank you",2,0,0%,2.0
what is the diffrence between uv ink & emboss ink,2,0,0%,2.0
c603+z650-2 24 inch 3pcs i3200-a1 printheads dtf printer price in pakistan,2,0,0%,10.0
dtf spare parts,2,0,0%,5.0
i3200 dtf printer upgrade,2,0,0%,3.0
dtf printer usa llc,2,0,0%,5.5
dtf what ty of expense is it related to cogs,2,0,0%,6.0
dtp printer,2,0,0%,5.5
how does it work a dtf head,2,0,0%,1.0
dtf printer for beginners,2,0,0%,8.0
infrared for heatpress hydraulic machine,2,0,0%,7.0
dtf printer price,2,0,0%,9.0
what is the cl ink tank in the dtf machine ?,2,0,0%,3.0
dtf supplier,2,0,0%,8.0
dtf film sheets,2,0,0%,6.0
dprinter stretching,2,0,0%,1.0
dtf hack with inkjet ink vs sublimation ink,2,0,0%,7.0
purchase a dtf printer with ein,2,0,0%,7.0
dtf printer for small business,2,0,0%,2.0
epson p6070 printer dimensions in cm,2,0,0%,1.0
price of a dtf machine,2,0,0%,5.0
dtf cleaning solution,2,0,0%,5.5
dt-119 zero position board,2,0,0%,53.0
dtf film,2,0,0%,7.0
maximum times to clean printhead for dtf,2,0,0%,7.0
pm method for dtf machine,2,0,0%,2.5
dtf printing machine,2,0,0%,4.5
dtf printer cost,2,0,0%,9.5
dtf film rolls,2,0,0%,7.0
dtf printer epson,2,0,0%,8.0
sublimation vs dtf,2,0,0%,4.5
dtf machine for sale,2,0,0%,7.5
dtdtf,2,0,0%,9.5
dtf supplies,2,0,0%,8.5
uv printing technology,2,0,0%,6.0
f13 pro dtf print head replacement,2,0,0%,10.0
dtf paper,2,0,0%,6.0
dft printer,2,0,0%,9.0
dtf head clog,2,0,0%,10.0
dsv dtf 1800 pump replacement,2,0,0%,6.0
white ink pump for procolored l800,1,0,0%,6.0
"3d printer reseller education"" ""stem"" ""classroom"" europe germany france italy online shop 2024""",1,0,0%,9.0
dtg characteristics,1,0,0%,4.0
dtf printer parts diagram,1,0,0%,1.0
"do dtg printers print black on black, or does it depend ondtg printer?",1,0,0%,9.0
is it possible to do auto maintnace to a dtf printer,1,0,0%,5.0
how to change the resoultion settings on my dtf printer,1,0,0%,10.0
best affordable dtf printer,1,0,0%,26.0
red printhead moisturizer,1,0,0%,2.0
dt printer\,1,0,0%,6.0
what is the time and temp for curing htv powder,1,0,0%,5.0
can dtf powder be used for film printing?,1,0,0%,10.0
dtf printer full name,1,0,0%,7.0
screen printing press evolution,1,0,0%,4.0
is dtf machine do printind art design on paper for tshirt printing,1,0,0%,5.0
importance of wraming plate on dtf peinter,1,0,0%,8.0
what is the time and temp for curing htv powder in htv oven,1,0,0%,3.0
pinterest                                    dtf,1,0,0%,6.0
dtf vs sublimation printing,1,0,0%,9.0
dtf machine cleaning\,1,0,0%,5.0
dtf different materials,1,0,0%,44.0
dtf printed t shirt,1,0,0%,10.0
can i clean just my damper in my dtf machine,1,0,0%,5.0
dtf printing machine cost,1,0,0%,1.0
dtf in class,1,0,0%,6.0
dtf printers for beginners,1,0,0%,5.0
stubborn clod on dtf printhead,1,0,0%,8.0
plk dtf printer parts,1,0,0%,10.0
dtf powder what people use,1,0,0%,1.0
‏generic (oem) dtf 600 pro max,1,0,0%,3.0
"moisturizing liquid, ink, and other dtf consumables",1,0,0%,3.0
sublimation printing equipment,1,0,0%,32.0
dtf brand,1,0,0%,6.0
+heatpress hydrolic,1,0,0%,10.0
were the head mentenance is in the dtf 1000 machince,1,0,0%,4.0
price of dtf machine,1,0,0%,8.0
dtgfhnrth,1,0,0%,9.0
how tdoodifyer runs pressure,1,0,0%,9.0
what does dpi mean in object properties direct to film,1,0,0%,5.0
uv printing meaning,1,0,0%,10.0
what type of print to use on stretch material? dtf?,1,0,0%,1.0
white ink filter for dtf printer,1,0,0%,3.0
what is uv printed,1,0,0%,8.0
t-shirt materials dtf type,1,0,0%,7.0
impresora dtf a3 estados unidos,1,0,0%,1.0
oddly 24 inch dtf printer,1,0,0%,7.0
damper procolored dtf printer,1,0,0%,6.0
dtf tube,1,0,0%,3.0
what is the cl in the dtf machine ?,1,0,0%,4.0
textile printer,1,0,0%,4.0
do you need the white powder for dtf for clothes,1,0,0%,8.0
dtf printer how much,1,0,0%,7.0
ksr-40 da solid state relay 40a,1,0,0%,10.0
textile printers,1,0,0%,5.0
screen njcxgk mayo,1,0,0%,10.0
dtg stand for color,1,0,0%,4.0
damper dtf 30,1,0,0%,7.0
drf printer,1,0,0%,5.0
dtf and sublimation,1,0,0%,3.0
bond dry th is dtf,1,0,0%,2.0
is there a cartridge that you have to put in a dtf printer to print off labels,1,0,0%,10.0
punehod a3 l800 hoses replacement parts,1,0,0%,4.0
what is the function of vr ink for function dtf printer machine,1,0,0%,4.0
commercial hydrolic heat press,1,0,0%,10.0
what to charge for long sleeve t with dtf transfer,1,0,0%,8.0
epson i3200 dtf printer 24 inch,1,0,0%,2.0
dtf printer and press,1,0,0%,4.0
what is the different between premium dtf and dtf,1,0,0%,4.0
can you use the dtf printer roll paper without using the shaker,1,0,0%,2.0
heat press printer machine,1,0,0%,8.0
video of which side is facing down on a dtf oven,1,0,0%,1.0
dtdf process,1,0,0%,10.0
dtf powder for sale,1,0,0%,7.0
best dtf software for beginners,1,0,0%,7.0
como trocar damper da impressora dtf,1,0,0%,10.0
how much ink and powder does dtf printing take? — dtf printing technology,1,0,0%,7.0
4 head dtf i3200 24inch inkjet dtf with powder shaking machine 60cm t-shirt a3 30cm transfer xp600 dtf printers printing machine,1,0,0%,4.0
what is a dtf printer,1,0,0%,4.0
cinco de mayo clip art,1,0,0%,10.0
how to fix clumping powder ina printer cartridge,1,0,0%,5.0
dtf ink,1,0,0%,9.0
dtf printer with epson i3200,1,0,0%,10.0
dtf printer heat press sublimation vinyl supplier distributor usa canada email whatsapp contact company 2024,1,0,0%,2.0
how much dtf powder to use,1,0,0%,6.0
best dtf powder to use,1,0,0%,5.0
how does a dtg work/,1,0,0%,8.0
wich electronics does inktec dtf printers use? byhx or hoson?,1,0,0%,9.0
how to use a shaker in a dtf machine without the shaker machine,1,0,0%,3.0
uv dtf wraps -associated associated with uv,1,0,0%,2.0
qgraduation why is printer,1,0,0%,4.0
dtf printing sheets,1,0,0%,7.0
t shirt converor driyer parts,1,0,0%,2.0
uv dtf printer price,1,0,0%,9.0
meaning of convert the printed film,1,0,0%,6.0
whats is the best machine between dtf  printing and sublimation printing,1,0,0%,7.0
i3200 printhead dtf printer,1,0,0%,1.0
top ink quality,1,0,0%,8.0
how many bit for dtf printing,1,0,0%,3.0
best dtf photos for t shirt,1,0,0%,28.0
a3 dtf main board update bin.,1,0,0%,10.0
what is dtf powder used for,1,0,0%,10.0
hydrolic dtf,1,0,0%,5.0
how it’s built: the fascinating process of assembling a dtf printer!,1,0,0%,9.0
how to make a design look vintage in dtf,1,0,0%,7.0
dtp printers near me,1,0,0%,3.0
size of dtf a4 sheet,1,0,0%,10.0
wiper dtf print,1,0,0%,3.0
sublimation printing on cotton,1,0,0%,24.0
difference between sublimation print and non-pvc print,1,0,0%,6.0
uv ink 1l (cmykv) 20bottle/box,1,0,0%,5.0
ksr-dtf,1,0,0%,3.0
dtf gear motor,1,0,0%,9.0
dtf printing machine on clothes,1,0,0%,6.0
what is the operating hydraulic pressure of a,1,0,0%,3.0
what does sublimationa nd dtf businesses search on pinterest to buy instant downloads for summers t shirts,1,0,0%,1.0
school for dtf printers,1,0,0%,5.0
dtf powder,1,0,0%,8.0
can dtf powders be mixed together,1,0,0%,2.0
dtf press machine,1,0,0%,7.0
12 ppm speed dtf,1,0,0%,4.0
software like cadlink dtf,1,0,0%,6.0
dtf printer machine,1,0,0%,5.0
which shirt is rated best for dtf and dtg forum,1,0,0%,3.0
roughly how fast does a resolute dtf machine print,1,0,0%,4.0
shirt sublimation dtf film,1,0,0%,7.0
cinco de derby 2026,1,0,0%,5.0
can you clean a dtf printer head with alcohol,1,0,0%,7.0
where can i buy a dtf printer at a store,1,0,0%,10.0
uv dtf printer for home,1,0,0%,7.0
dtfnj,1,0,0%,5.0
how to fix clumping in a powder printer cartridge,1,0,0%,7.0
dtf printing mahcine,1,0,0%,5.0
dprinter weather stretching,1,0,0%,4.0
wiper blades dtf ink,1,0,0%,7.0
ssr for dryer,1,0,0%,10.0
dtf fluid,1,0,0%,7.0
