Date (Year Month),Page path and screen class,Session source,Views,Total users,New users,Sessions,Engaged sessions
Jan 2026,/collections/dtf-printer,chatgpt.com,35,15,4,19,13
Aug 2025,/blogs/news/best-heat-press-machines-for-all-your-needs-in-2025,chatgpt.com,27,27,27,27,0
Mar 2026,/,chatgpt.com,24,15,10,20,12
Dec 2025,/,chatgpt.com,23,17,12,17,6
Jul 2025,/,chatgpt.com,19,10,6,11,7
Apr 2026,/products/uv-cylindrical-printer-4-ricoh-gh220-printheads-bottles-tubes,chatgpt.com,18,14,13,16,4
Jan 2026,/,chatgpt.com,17,12,8,12,7
Apr 2026,/blogs/blog/how-to-print-t-shirts-with-a-dtf-printer,chatgpt.com,16,15,15,15,1
Jan 2026,/products/a3-uv-flatbed,chatgpt.com,16,15,12,16,5
Feb 2026,/products/16-5-inch-all-one-dtf-printer-powder-shaker,chatgpt.com,15,13,9,14,7
Sep 2025,/,chatgpt.com,15,12,8,15,9
Feb 2026,/,chatgpt.com,14,14,9,14,6
Jan 2026,/products/dtfprinterusa-xf-450pro-a2-all-in-one-dtf-printer-dual-i1600-heads-16-print-width,chatgpt.com,14,11,9,13,2
Feb 2026,/products/16x24-hydraulic-heat-press-machine-dual-platens,chatgpt.com,13,5,3,7,1
Dec 2025,/collections/dtf-printers-and-dryers,chatgpt.com,12,4,0,5,5
Feb 2026,/products/24-inch-dtf-printer-4-epson-i3200-printheads,chatgpt.com,12,13,9,13,4
Jul 2025,/collections/dtf-inks-t-shirts-hats,chatgpt.com,11,5,0,7,5
Jan 2026,/products/dtf-printer-usa-dpu24-4-bundle-with-dryer,chatgpt.com,11,3,1,4,3
Jan 2026,/products/24-inch-quad-head-epson-i3200-fluorescent-dtf-printer-for-specialty-apparel,chatgpt.com,11,8,3,10,6
Jan 2026,/products/dtf-dpu24-5-head-printer-24,chatgpt.com,11,8,5,8,4
Jan 2026,/products/dpu24-4-head-dtf-printer-24,chatgpt.com,11,5,2,7,3
Apr 2026,/products/single-head-15-needle-embroidery-machine-cap-support,chatgpt.com,10,8,6,8,4
Mar 2026,/products/uv-cylindrical-printer-4-ricoh-gh220-printheads-bottles-tubes,chatgpt.com,10,10,7,11,4
Aug 2025,/products/dtf-printer-usa-dpu24-4-bundle-with-dryer,chatgpt.com,10,1,1,1,1
Dec 2025,/products/dtfprinterusa-xf-450pro-a2-all-in-one-dtf-printer-dual-i1600-heads-16-print-width,chatgpt.com,10,8,5,8,4
Nov 2025,/,chatgpt.com,10,7,6,9,2
Apr 2026,/products/24x32-hydraulic-heat-press-machine-large-format,chatgpt.com,10,5,2,5,2
Jan 2026,/products/uv-cylinder-360-degree,chatgpt.com,9,9,8,9,5
Jan 2026,/products/dtf-dpu24-4-printer-24-burak,chatgpt.com,9,2,0,4,3
Apr 2025,/,chatgpt.com,9,9,6,9,3
Nov 2025,/products/dtfprinterusa-xf-450pro-a2-all-in-one-dtf-printer-dual-i1600-heads-16-print-width,chatgpt.com,9,3,3,5,2
Mar 2026,/blogs/blog,chatgpt.com,9,2,0,2,2
Apr 2026,/,chatgpt.com,8,8,3,8,5
Aug 2025,/,chatgpt.com,8,5,3,7,4
Oct 2025,/,chatgpt.com,8,8,6,8,3
Sep 2025,/blogs/news/best-heat-press-machines-for-all-your-needs-in-2025,chatgpt.com,8,8,6,8,0
Mar 2026,/collections/dtf-inks-t-shirts-hats,chatgpt.com,8,4,1,7,5
Mar 2026,/blogs/blog/how-to-print-t-shirts-with-a-dtf-printer,chatgpt.com,8,8,8,8,0
Nov 2025,/collections/heat-presses,chatgpt.com,7,6,5,6,2
Feb 2026,/products/40x30cm-uv-flatbed-printer-dual-epson-i1600-printheads,chatgpt.com,7,6,5,7,2
Feb 2026,/cart,chatgpt.com,7,4,0,5,4
Mar 2026,/products/24-inch-uv-printer-3-epson-i3200-printheads,chatgpt.com,7,7,4,7,3
Feb 2026,/products/uv-cylindrical-printer-4-ricoh-gh220-printheads-bottles-tubes,chatgpt.com,7,7,5,7,1
Jun 2025,/,chatgpt.com,7,6,4,6,5
Feb 2026,/collections/dtf-printer,chatgpt.com,7,7,2,8,5
Jan 2026,/collections/dtf-dryers,chatgpt.com,7,1,0,1,1
Sep 2025,/collections/dtf-inks-t-shirts-hats,chatgpt.com,7,2,0,2,2
Apr 2026,/products/16-5-inch-all-one-dtf-printer-powder-shaker,chatgpt.com,7,7,7,7,1
May 2025,/,chatgpt.com,7,5,1,6,4
Jul 2025,/products/dtf-white-ink-1-liter,chatgpt.com,7,4,1,6,5
Apr 2026,/products/ultra-premium-hot-peel-24x328-feet,chatgpt.com,7,6,5,7,3
Apr 2026,/products/60x90cm-uv-flatbed-printer-3-epson-i3200-printheads,chatgpt.com,7,5,5,5,3
Mar 2026,/products/40x30cm-uv-flatbed-printer-dual-epson-i1600-printheads,chatgpt.com,7,5,3,6,2
Mar 2026,/products/24-inch-dtf-printer-4-epson-i3200-printheads,chatgpt.com,7,7,7,7,1
Jan 2026,/collections/uv-dtf-printer,chatgpt.com,7,4,0,5,5
Mar 2026,/collections/dtf-printers-and-dryers,chatgpt.com,7,4,1,6,4
Nov 2025,/blogs/blog/anatomy-of-a-dtf-printer,chatgpt.com,6,1,1,1,1
Oct 2025,/account,chatgpt.com,6,4,0,5,5
Mar 2026,/cart,chatgpt.com,6,3,0,3,3
Feb 2026,/products/white-poly-mailer,chatgpt.com,6,2,0,2,2
Dec 2025,/products/dtfprinterusa-uv-flatbed-inkjet-printer-epson-i3200-head-multicolor-printing,chatgpt.com,6,5,4,5,2
Jul 2025,/products/replacement-3w-ink-pump,chatgpt.com,6,6,5,6,1
Mar 2026,/products/16-5-inch-all-one-dtf-printer-powder-shaker,chatgpt.com,6,6,6,6,3
Oct 2025,/products/uv-cylinder-360-degree,chatgpt.com,5,5,5,6,0
Apr 2026,/products/dtf-magenta-ink-1-liter,chatgpt.com,5,1,1,1,1
May 2025,/collections/heat-presses,chatgpt.com,5,2,0,4,4
Oct 2025,/cart,chatgpt.com,5,4,0,4,4
Feb 2026,/products/12-inch-dtf-printer-dual-epson-i1600-printheads,chatgpt.com,5,4,2,4,2
Mar 2026,/pages/about-dtf-printer-usa,chatgpt.com,5,5,5,5,2
Jul 2025,/collections/dtf-film,chatgpt.com,5,4,0,5,2
Jul 2025,/collections/dtf-printers-and-dryers,chatgpt.com,5,4,0,4,4
Dec 2025,/blogs/blog/best-heat-press-machines-for-all-your-needs-in-2025,chatgpt.com,5,5,4,5,0
Apr 2026,/products/24-inch-dtf-printer-5-epson-i3200-printheads,chatgpt.com,5,5,4,5,3
Aug 2025,/products/dtf-white-ink-1-liter,chatgpt.com,5,3,2,3,1
Apr 2026,/products/automatic-bagging-packing-machine-for-apparel-fullfilment,chatgpt.com,5,5,4,6,3
Mar 2026,/products/24-inch-dtf-printer-5-epson-i3200-printheads,chatgpt.com,5,5,5,5,1
Apr 2026,/products/40x30cm-uv-flatbed-printer-dual-epson-i1600-printheads,chatgpt.com,5,5,3,6,3
Mar 2026,/collections/dtf-printing-supplies-sale,chatgpt.com,5,3,0,5,4
Apr 2026,/products/24-inch-dtf-printer-4-epson-i3200-printheads,chatgpt.com,4,4,3,4,1
Dec 2025,/collections/dtf-transfer-powders,chatgpt.com,4,2,0,2,2
Jan 2026,/products/dtfprinterusa-3d-embroidery-effect-dtf-printer-no-oven-needed-print-press,chatgpt.com,4,4,3,4,3
Apr 2025,/collections/heat-presses,chatgpt.com,4,3,0,3,1
Jun 2025,/products/replacement-white-and-color-damper,chatgpt.com,4,3,1,4,1
Mar 2026,/collections/dtf-transfer-powders,chatgpt.com,4,2,0,3,3
Jan 2026,/collections/dtf-film,chatgpt.com,4,4,0,4,3
Jan 2026,/collections/heat-presses,chatgpt.com,4,4,2,4,2
Aug 2025,/blogs/news/best-dtf-printer-for-small-business,chatgpt.com,4,5,4,5,0
Jul 2025,/pages/contact-us,chatgpt.com,4,2,0,2,2
Aug 2025,/cart,chatgpt.com,4,2,0,2,2
Mar 2026,/products/60x90cm-uv-flatbed-printer-3-epson-i3200-printheads,chatgpt.com,4,3,2,3,2
Dec 2025,/cart,chatgpt.com,4,1,0,1,1
Sep 2025,/products/dtfprinterusa-3d-embroidery-effect-dtf-printer-no-oven-needed-print-press,chatgpt.com,4,2,2,3,2
Dec 2025,/products/dtfprinterusa-a3-dtf-printer-model-300b-dual-epson-printheads-cmyk-w,chatgpt.com,4,3,2,3,2
Feb 2026,/products/dtf-printer-usa-dpu24-4-bundle-with-dryer,chatgpt.com,4,4,4,4,2
Mar 2026,/blogs/blog/best-heat-press-machines-for-all-your-needs-in-2025,chatgpt.com,4,4,3,4,1
Dec 2025,/blogs/blog/mistakes-to-avoid-when-buying-a-heat-press,chatgpt.com,4,3,2,3,1
Feb 2026,/products/24-inch-dtf-printer-5-epson-i3200-printheads,chatgpt.com,4,4,2,4,3
Sep 2025,/collections/dtf-film,chatgpt.com,4,2,0,2,2
Jul 2025,/collections/dtf-transfer-powders,chatgpt.com,4,1,0,1,1
Sep 2025,/blogs/news/best-dtf-printer-for-small-business,chatgpt.com,4,3,2,3,1
Dec 2025,/products/premium-double-matte-hot-peel-24x328-feet,chatgpt.com,4,3,0,3,2
Sep 2025,/products/dpu24-4-head-dtf-printer-24,chatgpt.com,4,3,2,3,1
Jun 2025,/products/dtf-strong-cleaning-solution,chatgpt.com,4,4,4,4,0
Mar 2026,/products/replacement-white-and-color-damper,chatgpt.com,4,2,2,2,1
Dec 2025,/products/a3-uv-flatbed,chatgpt.com,4,3,2,3,1
Mar 2026,/products/dtf-moisturizing-liquid,chatgpt.com,4,3,2,3,1
Jan 2026,/products/dtfprinterusa-a3-dtf-printer-model-300b-dual-epson-printheads-cmyk-w,chatgpt.com,3,3,3,3,1
Jan 2026,/cart,chatgpt.com,3,3,0,3,3
Oct 2025,/products/dtf-dpu24-5-head-printer-24,chatgpt.com,3,2,1,2,1
Sep 2025,/cart,chatgpt.com,3,2,0,2,2
Mar 2026,/collections/uv-printers,chatgpt.com,3,3,0,4,3
Sep 2025,/pages/contact-us,chatgpt.com,3,2,0,2,2
Feb 2026,/products/24-inch-uv-printer-3-epson-i3200-printheads,chatgpt.com,3,3,1,3,2
Feb 2026,/collections/heat-presses,chatgpt.com,3,3,3,3,1
Jul 2025,/products/replacement-white-ink-circulation-shunt,chatgpt.com,3,3,2,3,1
Dec 2025,/products/uv-dpu24-4-printer-24-copy,chatgpt.com,3,2,0,2,2
Feb 2026,/collections/uv-dtf-printer,chatgpt.com,3,3,1,3,2
Aug 2025,/collections/replacement-and-spare-parts,chatgpt.com,3,3,3,3,1
Apr 2026,/products/12-inch-uv-embossing-printer-epson-dx7-printhead-embroidery-effect,chatgpt.com,3,3,3,3,1
Jan 2026,/collections/dtf-inks-t-shirts-hats,chatgpt.com,3,2,0,2,2
Jan 2026,/collections/dtf-printing-supplies-sale,chatgpt.com,3,2,0,2,2
Jan 2026,/products/hdh2022-hydraulic-head-moving-heat-press-16x24-inch,chatgpt.com,3,3,3,3,1
Jan 2026,/products/dtf-60cm-high-speed-powder-shaker-110v-model-0619b-professional-oven-with-optional-smoke-purifier,chatgpt.com,3,4,0,4,3
Apr 2026,/collections/dtf-printers-and-dryers,chatgpt.com,3,3,1,3,1
Sep 2025,/collections/dtf-printers-and-dryers,chatgpt.com,3,4,0,4,3
Jan 2026,/products/dtfprinterusa-uv-flatbed-inkjet-printer-epson-i3200-head-multicolor-printing,chatgpt.com,3,3,2,3,1
Apr 2026,/pages/about-dtf-printer-usa,chatgpt.com,3,3,2,3,1
Jul 2025,/blogs/news/best-heat-press-machines-for-all-your-needs-in-2025,chatgpt.com,3,3,3,3,0
Apr 2025,/collections/dtf-printers-and-dryers,chatgpt.com,3,2,0,2,2
Dec 2025,/products/uv-cylinder-360-degree,chatgpt.com,3,3,2,3,0
Dec 2025,/products/dpu24-4-head-dtf-printer-24,chatgpt.com,3,3,3,3,1
Apr 2026,/products/dtf-white-ink-1-liter,chatgpt.com,3,2,1,3,1
Apr 2026,/products/20x24-hydraulic-heat-press-6-platens-industrial-use,chatgpt.com,3,1,1,1,1
Mar 2026,/products/replacement-white-ink-circulation-shunt,chatgpt.com,3,1,0,1,1
Feb 2026,/pages/contact-us,copilot.com,3,1,0,1,1
Feb 2026,/products/dtfprinterusa-12-needle-professional-embroidery-machine-touch-screen-flat-cap-embroidery,chatgpt.com,3,3,2,3,1
Jul 2025,/collections/new-products,chatgpt.com,3,1,0,1,1
Jul 2025,/products/double-matte-smart-peel-24x328-feet,chatgpt.com,3,1,0,1,1
Mar 2026,/collections/uv-dtf-film,chatgpt.com,3,1,0,2,2
Aug 2025,/collections/dtf-printers-and-dryers,chatgpt.com,3,3,3,3,0
Jan 2026,/products/dtf-printer-set-up-service,chatgpt.com,3,1,0,2,2
Jan 2026,/blogs/blog/guide-dtf-printer-for-beginners-and-for-small-businesses,chatgpt.com,3,1,0,2,2
Mar 2026,/collections/dtf-film,chatgpt.com,3,2,0,2,2
Apr 2026,/collections/dtf-printing-supplies-sale,chatgpt.com,3,2,1,2,2
Nov 2025,/collections/dtf-printers-and-dryers,chatgpt.com,3,3,0,3,3
Mar 2026,/pages/contact-us,chatgpt.com,3,3,0,3,3
Feb 2026,/products/24x32-hydraulic-heat-press-machine-large-format,chatgpt.com,2,2,1,2,1
Oct 2025,/account/orders/59febbcd94ae86f44b1e88eae90bc3a3,chatgpt.com,2,2,0,2,1
Apr 2026,/products/double-matte-smart-peel-24x328-feet,chatgpt.com,2,3,1,3,2
Apr 2026,/collections/uv-printers,chatgpt.com,2,1,1,1,1
Apr 2025,/collections/dtf-film,chatgpt.com,2,2,1,2,0
Apr 2025,/products/replacement-main-board-dtf,chatgpt.com,2,2,1,2,0
Mar 2026,/blogs/blog/guide-dtf-printer-for-beginners-and-for-small-businesses,chatgpt.com,2,1,0,1,1
Aug 2025,/products/replacement-y-shape-ink-tube-connector,chatgpt.com,2,2,1,2,0
Mar 2026,/products/single-head-15-needle-embroidery-machine-cap-support,chatgpt.com,2,1,0,2,1
Aug 2025,/pages/about-dtf-printer-usa,chatgpt.com,2,2,2,2,0
Mar 2026,/checkouts/cn/hWN9HoQtcmVZN7HTulcX3exW/en-us,chatgpt.com,2,1,0,1,1
Sep 2025,/products/dtf-moisturizing-liquid,chatgpt.com,2,2,2,2,0
Sep 2025,/products/dtf-transfer-medium-powder,chatgpt.com,2,2,1,2,0
Feb 2026,/checkouts/cn/hWN9AJq9uuyESHEVd7T2UFCE/en-us,chatgpt.com,2,1,0,1,1
Feb 2026,/products/uv-cylinder-360-degree,chatgpt.com,2,2,2,2,0
Feb 2026,/products/uv-dtf-film-a-b-30,chatgpt.com,2,3,2,3,0
Feb 2026,/products/6-head-15-needle-industrial-embroidery-machine,chatgpt.com,2,1,0,1,1
Feb 2026,/products/24-inch-uv-printer-3-epson-i3200-printheads,copilot.com,2,1,0,2,1
Apr 2026,/products/dtf-black-ink-1-liter,chatgpt.com,2,1,1,3,0
Apr 2026,/products/24-inch-dtf-printer-4-epson-i3200-printheads,claude.ai,2,2,1,2,0
Apr 2026,/blogs/blog/preventative-maintenance-routine-dtf-print-head,gemini.google.com,2,2,1,3,0
Oct 2025,/products/dtf-strong-cleaning-solution,chatgpt.com,2,2,2,2,1
Apr 2026,/blogs/blog/guide-dtf-printer-for-beginners-and-for-small-businesses,gemini.google.com,2,4,2,4,1
Apr 2026,/collections/dtf-transfer-powders,chatgpt.com,2,2,2,2,0
Jan 2026,/pages/about-dtf-printer-usa,chatgpt.com,2,2,0,3,3
Apr 2026,/products/12-inch-dtf-printer-dual-epson-i1600-printheads,chatgpt.com,2,2,1,2,0
Feb 2026,/search,chatgpt.com,2,1,0,1,1
Feb 2026,/collections/dtf-printing-supplies-sale,chatgpt.com,2,2,2,2,0
Jan 2026,/products/dtf-transfer-premium-powder-1-kg,chatgpt.com,2,3,2,3,0
May 2025,/collections/dtf-printers-and-dryers,chatgpt.com,2,2,0,2,2
May 2025,/products/dpu24-4-head-dtf-printer-24,chatgpt.com,2,3,0,4,2
Jan 2026,/pages/about-dtf-printer-usa,cn.bing.com,2,2,2,2,0
Jan 2026,/blogs/blog/dtf-supplies-inks-films-powders-equipment-you-actually-need,chatgpt.com,2,2,2,2,0
Feb 2026,/collections/uv-printers,chatgpt.com,2,1,0,1,1
Dec 2025,/products/dtf-printer-usa-dpu24-4-bundle-with-dryer,chatgpt.com,2,2,2,2,0
Jun 2025,/collections/heat-presses,chatgpt.com,2,2,0,3,2
Nov 2025,/collections/dtf-printer,chatgpt.com,2,2,2,2,0
Nov 2025,/products/dtfprinterusa-a3-dtf-printer-model-300b-dual-epson-printheads-cmyk-w,chatgpt.com,2,2,2,2,0
Oct 2025,/products/a3-uv-flatbed,chatgpt.com,2,2,2,2,0
Oct 2025,/products/dtfprinterusa-3d-embroidery-effect-dtf-printer-no-oven-needed-print-press,chatgpt.com,2,2,2,2,0
Sep 2025,/products/a3-uv-flatbed,chatgpt.com,2,2,2,2,0
Sep 2025,/products/replacement-main-board-dtf,chatgpt.com,2,2,2,2,0
Sep 2025,/blogs/blog/best-heat-press-machines-for-all-your-needs-in-2025,chatgpt.com,2,2,1,2,0
Sep 2025,/blogs/news/best-heat-press-machines-for-all-your-needs-in-2025,perplexity,2,2,2,2,0
Aug 2025,/products/dtfprinterusa-1-8m-oil-roller-heat-press-jc-26b-multifunction-sublimation-transfer,chatgpt.com,2,2,2,2,0
Feb 2026,/collections/dtf-film,chatgpt.com,2,1,1,1,1
May 2025,/pages/about-dtf-printer-usa,chatgpt.com,2,2,2,2,0
Jul 2025,/,cn.bing.com,2,3,2,3,1
Jan 2026,/products/uv-dpu24-4-printer-24-copy,chatgpt.com,2,1,0,1,1
Apr 2026,/products/replacement-white-and-color-damper,chatgpt.com,2,2,2,2,1
Jan 2026,/products/fully-automatic-turntable-6-station-heat-press-machine-model-gs-qd6-size-50-60-cm,chatgpt.com,2,1,0,1,1
Jul 2025,/products/dpu24-4-head-dtf-printer-24,chatgpt.com,2,2,0,2,2
Apr 2026,/cart,chatgpt.com,2,2,0,2,2
Apr 2026,/blogs/blog/best-heat-press-machines-for-all-your-needs-in-2025,claude.ai,2,2,2,2,2
Jul 2025,/collections/heat-presses,chatgpt.com,2,2,0,2,2
Jan 2026,/collections/sublimation,chatgpt.com,2,1,0,1,1
Jan 2026,/products/24-inch-high-power-dtf-powder-shaker-dryer-for-production-environments,chatgpt.com,2,1,0,1,1
Jan 2026,/products/dtf-printer-usa-dpu24-4-bundle-with-dryer,perplexity,2,1,1,1,1
Jul 2025,/products/dtf-black-ink-1-liter,chatgpt.com,2,2,0,2,2
Apr 2026,/products/laser-cutting-machine-51-x-98-inch-150w-power,chatgpt.com,2,2,1,2,1
Apr 2026,/products/75-inch-sublimation-printer-4-epson-i3200-printheads,chatgpt.com,2,2,0,2,2
Jan 2026,/products/replacement-dryer-ic-board-version-1-4,chatgpt.com,2,1,1,1,1
Mar 2026,/products/dtf-white-ink-1-liter,chatgpt.com,2,2,1,2,1
Dec 2025,/products/dtfprinterusa-3d-embroidery-effect-dtf-printer-no-oven-needed-print-press,chatgpt.com,2,1,0,1,1
Mar 2026,/collections/dtf-printer,chatgpt.com,2,2,1,2,1
Dec 2025,/products/dtf-transfer-premium-powder-1-kg,chatgpt.com,2,1,0,1,1
Mar 2026,/products/uv-dtf-film-a-b-60,chatgpt.com,2,2,1,2,2
Dec 2025,/products/dtf-transfer-medium-powder,chatgpt.com,2,1,1,1,1
Mar 2026,/products/12-inch-dtf-printer-dual-epson-i1600-printheads,chatgpt.com,2,2,1,2,1
Nov 2025,/policies/refund-policy,chatgpt.com,2,1,0,2,1
Aug 2025,/products/uv-dpu24-4-printer-24-copy,chatgpt.com,2,1,0,1,1
Mar 2026,/collections/replacement-and-spare-parts-for-dryer,chatgpt.com,2,2,2,2,1
Mar 2026,/products/laser-cutting-machine-51-x-98-inch-150w-power,chatgpt.com,2,2,1,2,2
Jul 2025,/products/dtf-printer-set-up-service,gemini.google.com,2,2,0,3,2
Feb 2026,/products/automatic-bagging-packing-machine-for-apparel-fullfilment,chatgpt.com,2,2,1,2,1
Feb 2026,/products/75-inch-sublimation-printer-4-epson-i3200-printheads,chatgpt.com,2,2,0,2,2
Jul 2025,/blogs/blog,gemini.google.com,2,2,0,2,1
Jul 2025,/products/dtfprinterusa-xf-450pro-a2-all-in-one-dtf-printer-dual-i1600-heads-16-print-width,chatgpt.com,2,1,0,2,1
Feb 2026,/products/uv-dtf-printer-usa-white-ink-1-liter,chatgpt.com,2,2,1,2,1
Jul 2025,/products/dtf-transfer-premium-powder-1-kg,chatgpt.com,2,1,0,1,1
Jul 2025,/products/dtf-transfer-medium-powder,chatgpt.com,2,1,0,1,1
Jul 2025,/products/dtf-transfer-fine-powder,chatgpt.com,2,1,0,1,1
Feb 2026,/products/replacement-data-cables,chatgpt.com,2,2,2,2,1
Feb 2026,/products/dtf-white-ink-1-liter,chatgpt.com,2,2,2,2,1
Feb 2026,/products/premium-double-matte-hot-peel-24x328-feet,chatgpt.com,2,2,2,2,1
Jul 2025,/products/dtf-magenta-ink-1-liter,chatgpt.com,2,1,0,1,1
Feb 2026,/collections/embroidery,chatgpt.com,2,2,0,2,2
Feb 2026,/collections/dtf-dryers,chatgpt.com,2,2,0,3,2
Jul 2025,/products/replacement-white-ink-filter,chatgpt.com,2,2,2,2,1
Jul 2025,/products/dtf-moisturizing-liquid,chatgpt.com,2,1,1,1,1
Jan 2026,/pages/contact-us,chatgpt.com,2,2,2,2,1
Jul 2025,/cart,chatgpt.com,2,1,0,1,1
Jun 2025,/pages/contact-us,chatgpt.com,2,1,0,1,1
Sep 2025,/blogs/blog/what-is-the-best-dtf-printer-for-small-business,chatgpt.com,2,2,0,2,1
Jun 2025,/collections/replacement-and-spare-parts,chatgpt.com,2,1,0,1,1
Jun 2025,/products/dtf-moisturizing-liquid,cn.bing.com,2,1,1,1,1
Sep 2025,/products/dtf-magenta-ink-1-liter,chatgpt.com,2,2,0,2,2
Apr 2025,/pages/contact-us,chatgpt.com,2,1,0,1,1
Sep 2025,/products/dtf-white-ink-1-liter,chatgpt.com,2,2,0,2,2
Jan 2026,/collections/dtf-transfer-powders,chatgpt.com,2,3,0,3,2
Sep 2025,/,perplexity.ai,2,2,1,2,1
Jan 2026,/collections/embroidery,chatgpt.com,2,2,0,2,2
Dec 2025,/blogs/blog/dtf-printing-stretch-test-for-performance-wear-durability,chatgpt.com,2,2,2,2,1
Dec 2025,/products/dtf-white-ink-1-liter,chatgpt.com,2,2,0,2,1
Apr 2025,/products/dtf-printer-usa-dpu24-4-bundle-with-dryer,chatgpt.com,2,1,0,2,1
Dec 2025,/pages/contact-us,chatgpt.com,2,3,0,3,2
Dec 2025,/collections/dtf-printing-supplies-sale,chatgpt.com,2,2,1,2,1
Nov 2025,/collections/dtf-printing-supplies-sale,chatgpt.com,2,2,2,2,1
Mar 2026,/products/24-inch-fluorescent-dtf-printer-4-epson-i3200,chatgpt.com,2,1,0,2,2
Jul 2025,/collections/dtf-printers-and-dryers,gemini.google.com,2,1,0,2,2
Oct 2025,/pages/contact-us,cn.bing.com,2,2,0,2,2
Oct 2025,/,cn.bing.com,2,2,0,2,2
Oct 2025,/collections/dtf-film,chatgpt.com,2,2,1,2,1
Oct 2025,/account/orders/c19676ec6787024b4cbd478305da92b6,chatgpt.com,2,2,0,2,2
Oct 2025,/products/dtf-white-ink-1-liter,chatgpt.com,2,2,0,2,2
Apr 2026,/products/replacement-5x3mm-4-colors-ink-tube,chatgpt.com,2,1,1,1,1
Nov 2025,/）,chatgpt.com,1,1,0,1,1
Apr 2026,/products/replacement-ssr-solid-state-relay,chatgpt.com,1,1,1,1,0
Oct 2025,/collections/dtf-inks-t-shirts-hats,chatgpt.com,1,1,0,1,1
Oct 2025,/account/orders/1b25ddead365570b60298e8314ed9bc0,chatgpt.com,1,1,0,1,1
Oct 2025,/blogs/blog/dtf-printer-maintenance-checklist,chatgpt.com,1,1,1,1,1
Sep 2025,/products/ultra-premium-hot-peel-24x328-feet,chatgpt.com,1,1,0,1,1
Oct 2025,/checkouts/cn/16945bfa5ac6b6d8ad8655e53306abe6/thank_you,chatgpt.com,1,1,0,1,1
Sep 2025,/checkouts/cn/3df498366b9786a0a50d554cd783988b/thank_you,chatgpt.com,1,1,0,1,1
Oct 2025,/pages/contact-us,chatgpt.com,1,1,0,1,1
Oct 2025,/products/ultra-premium-hot-peel-24x328-feet,chatgpt.com,1,1,0,1,1
Oct 2025,/collections/dtf-transfer-powders,chatgpt.com,1,2,0,2,1
Oct 2025,/products/premium-double-matte-hot-peel-24x328-feet,chatgpt.com,1,1,1,1,1
Sep 2025,/products/dtf-yellow-ink-1-liter,chatgpt.com,1,1,0,1,1
Oct 2025,/collections/dtf-printers-and-dryers,cn.bing.com,1,1,0,1,1
Sep 2025,/products/dtf-cyan-ink-1-liter,chatgpt.com,1,1,0,1,1
Oct 2025,/products/dpu24-4-head-dtf-printer-24,chatgpt.com,1,1,0,1,1
Oct 2025,/account/orders/a6403d34783fc07c3e0a914e37032029,chatgpt.com,1,1,0,1,1
Oct 2025,/checkouts/cn/723cf9bafcc383ba8ae89e9979981e8b/thank_you,chatgpt.com,1,1,0,1,1
Nov 2025,/pages/contact-us,chatgpt.com,1,1,0,1,1
Nov 2025,/products/dtf-white-ink-1-liter,chatgpt.com,1,1,1,1,1
Nov 2025,/products/uv-cylinder-360-degree,chatgpt.com,1,1,1,1,1
Sep 2025,/products/dtf-black-ink-1-liter,chatgpt.com,1,1,0,1,1
Sep 2025,/checkouts/cn/8442e6400171238e6c4106f4905bd3b8/thank_you,chatgpt.com,1,2,0,2,2
Nov 2025,/collections/dtf-sheets,chatgpt.com,1,1,0,1,1
Nov 2025,/collections/replacement-and-spare-parts-for-dryer,chatgpt.com,1,1,0,1,1
Nov 2025,/products/white-poly-mailer,chatgpt.com,1,1,0,1,1
Sep 2025,/account/orders/cc38e21bce47f34d6ef3ff74a14ca204,chatgpt.com,1,1,0,1,1
Nov 2025,/collections/dtf-printers-and-dryers,copilot.microsoft.com,1,1,0,1,1
Nov 2025,/pages/about-dtf-printer-usa,copilot.microsoft.com,1,1,1,1,1
Nov 2025,/blogs/blog/what-is-the-best-dtf-printer-for-small-business,chatgpt.com,1,1,1,1,1
Nov 2025,/collections/dtf-film,chatgpt.com,1,1,0,1,1
Nov 2025,/products/a4-dtf-paper,chatgpt.com,1,1,0,2,1
Nov 2025,/blogs/blog/dtf-supplies-inks-films-powders-equipment-you-actually-need,chatgpt.com,1,1,1,1,1
Dec 2025,/collections/dtf-inks-t-shirts-hats,chatgpt.com,1,1,0,1,1
Dec 2025,/collections/dtf-film,chatgpt.com,1,1,0,1,1
Dec 2025,/checkouts/cn/hWN644V9PhFeoPbZoV0EqCO8/en-us,chatgpt.com,1,1,0,1,1
Dec 2025,/checkouts/cn/hWN644V9PhFeoPbZoV0EqCO8/en-us/thank-you,chatgpt.com,1,1,0,1,1
Sep 2025,/account,chatgpt.com,1,1,0,1,1
Sep 2025,/26180419620/orders/e10f96598b353efebdf3739ce3ac5e67,chatgpt.com,1,1,0,1,1
Dec 2025,/pages/faq,chatgpt.com,1,1,0,1,1
Sep 2025,/pages/contact-us,cn.bing.com,1,2,0,2,1
Dec 2025,/pages/set-up-service,chatgpt.com,1,1,0,1,1
Dec 2025,/collections/new-products,chatgpt.com,1,1,0,1,1
Dec 2025,/pages/about-dtf-printer-usa,chatgpt.com,1,1,0,1,1
Sep 2025,/collections/heat-presses,cn.bing.com,1,1,1,1,1
Dec 2025,/blogs/blog,chatgpt.com,1,1,0,1,1
Sep 2025,/products/replacement-print-head-i3200,chatgpt.com,1,1,1,1,1
Sep 2025,/blogs/blog/dtf-printer-maintenance-checklist,copilot.microsoft.com,1,2,1,2,1
Sep 2025,/products/premium-single-matte-hot-peel-24x328-feet,chatgpt.com,1,1,0,1,1
Jan 2026,/products/12-inch-dtf-powder-shaker-dryer-with-air-purifier-for-small-production,chatgpt.com,1,1,0,1,1
Jan 2026,/products/12-inch-economical-dtf-powder-shaker-dryer-for-entry-level-production,chatgpt.com,1,1,0,1,1
Jan 2026,/products/dtf-white-ink-1-liter,chatgpt.com,1,2,0,2,1
Sep 2025,/products/dtf-transfer-premium-powder-1-kg,chatgpt.com,1,1,0,1,1
Jan 2026,/collections/all,chatgpt.com,1,1,0,1,1
Jan 2026,/products/a4-dtf-paper,chatgpt.com,1,1,0,2,1
Sep 2025,/collections/dtf-transfer-powders,chatgpt.com,1,1,0,1,1
Jan 2026,/search,chatgpt.com,1,1,0,1,1
Jan 2026,/products/dtfprinterusa-1-8m-oil-roller-heat-press-jc-26b-multifunction-sublimation-transfer,chatgpt.com,1,1,1,1,1
Jan 2026,/collections/cutter,chatgpt.com,1,1,0,1,1
Sep 2025,/blogs/blog,chatgpt.com,1,1,1,1,1
Jan 2026,/pages/about-us-2,chatgpt.com,1,1,0,1,1
Jan 2026,/products/single-matte-smart-peel-24x328-feet,chatgpt.com,1,1,0,1,1
Jan 2026,/products/ultra-premium-hot-peel-24x328-feet,chatgpt.com,1,1,0,1,1
Aug 2025,/blogs/blog/best-tshirts-for-dtf-printing-guide,chatgpt.com,1,1,1,1,1
Aug 2025,/blogs/news/best-heat-press-machines-for-all-your-needs-in-2025,perplexity.ai,1,1,1,1,1
Jan 2026,/collections/dtf-printers-and-dryers,claude.ai,1,1,1,2,1
Aug 2025,/products/replacement-ink-valve-connector,chatgpt.com,1,1,1,1,1
Jan 2026,/checkouts/cn/hWN8DDsQQqTEnJY0fW8YREOo/en/thank-you,chatgpt.com,1,1,0,1,1
Jan 2026,/products/dtf-moisturizing-liquid,chatgpt.com,1,1,1,1,1
Jan 2026,/products/replacement-white-and-color-damper,chatgpt.com,1,1,1,1,1
Feb 2026,/collections/cutter,chatgpt.com,1,1,0,1,1
Aug 2025,/collections/new-products,chatgpt.com,1,1,0,1,1
Feb 2026,/collections/dtf-inks-t-shirts-hats,chatgpt.com,1,1,0,1,1
Aug 2025,/collections/heat-presses,chatgpt.com,1,1,0,1,1
Aug 2025,/collections/dtf-film,chatgpt.com,1,1,0,1,1
Aug 2025,/blogs/blog/eco-friendly-dtf-printing-guide,chatgpt.com,1,1,0,1,1
Feb 2026,/products/dtf-printer-usa-dpu-dryer,chatgpt.com,1,1,1,1,1
Feb 2026,/pages/contact-us,chatgpt.com,1,1,0,1,1
Aug 2025,/pages/contact-us,gemini.google.com,1,1,0,2,1
Aug 2025,/collections/dtf-printers-and-dryers,gemini.google.com,1,1,0,1,1
Aug 2025,/blogs/blog,chatgpt.com,1,1,0,1,1
Jul 2025,/products/replacement-power-boxes-dtf,chatgpt.com,1,1,0,1,1
Feb 2026,/products/replacement-white-and-color-damper,chatgpt.com,1,1,1,1,1
Jul 2025,/collections/replacement-and-spare-parts,chatgpt.com,1,1,0,1,1
Feb 2026,/pages/tax-exemption,chatgpt.com,1,1,0,1,1
Feb 2026,/products/20x24-hydraulic-heat-press-4-platens-commercial-use,chatgpt.com,1,1,0,1,1
Jul 2025,/pages/contact-us,gemini.google.com,1,2,0,2,1
Jul 2025,/products/replacement-print-head-i3200,gemini.google.com,1,1,0,1,1
Feb 2026,/blogs/blog/profitable-dtf-pricing-models,chatgpt.com,1,1,1,1,1
Feb 2026,/products/12-inch-triple-head-uv-dtf-printer-small,copilot.com,1,1,0,1,1
Jul 2025,/products/hdh2022-hydraulic-head-moving-heat-press,gemini.google.com,1,1,0,1,1
Jul 2025,/products/dtf-transfer-fine-powder,gemini.google.com,1,1,0,1,1
Feb 2026,/products/6-head-15-needle-industrial-embroidery-machine embroidered patches,chatgpt.com,1,1,0,1,1
Mar 2026,/account,chatgpt.com,1,1,0,1,1
Mar 2026,/account/register,chatgpt.com,1,1,0,1,1
Jul 2025,/products/dtf-black-ink-1-liter,gemini.google.com,1,1,0,1,1
Mar 2026,/,perplexity,1,1,0,1,1
Mar 2026,/blogs/blog/best-heat-press-machines-for-all-your-needs-in-2025,perplexity,1,1,1,1,1
Mar 2026,/collections/heat-press-machines,perplexity,1,1,0,1,1
Jul 2025,/products/double-matte-smart-peel-12x328-feet,gemini.google.com,1,1,0,1,1
Mar 2026,/products/16x24-pneumatic-heat-press-machine-dual-platens,chatgpt.com,1,2,0,3,1
Mar 2026,/products/24-inch-dtf-powder-shaker-dryer-high-power,chatgpt.com,1,1,0,1,1
Mar 2026,/products/replacement-dryer-ic-board-version-1-4,chatgpt.com,1,1,0,1,1
Mar 2026,/checkouts/cn/hWN9HoQtcmVZN7HTulcX3exW/en-us/thank-you,chatgpt.com,1,1,0,1,1
Jul 2025,/blogs/blog/dtf-printing-gear-diy-convert-vs-dedicated-settings-guide,gemini.google.com,1,1,0,1,1
Mar 2026,/blogs/blog/best-dtf-ink,chatgpt.com,1,1,1,1,1
Mar 2026,/blogs/blog/real-cost-of-dtf-printer-guide,chatgpt.com,1,1,1,1,1
Mar 2026,/collections/replacement-and-spare-parts,chatgpt.com,1,1,0,1,1
Jul 2025,/products/uv-dtf-printer-usa-black-ink-1-liter,chatgpt.com,1,1,0,1,1
Mar 2026,/pages/set-up-service,chatgpt.com,1,1,0,1,1
Jul 2025,/products/uv-dtf-film-a-b-30,chatgpt.com,1,1,1,1,1
Jul 2025,/products/uv-dpu24-4-printer-24-copy,chatgpt.com,1,1,0,1,1
Jul 2025,/products/dtfprinterusa-uv-flatbed-inkjet-printer-epson-i3200-head-multicolor-printing,chatgpt.com,1,1,0,1,1
Mar 2026,/products/uv-dtf-printer-usa-cyan-ink-1-liter,chatgpt.com,1,1,0,1,1
Mar 2026,/,copilot.com,1,1,1,1,1
Mar 2026,/products/single-head-15-needle-embroidery-machine-cap-support,copilot.com,1,1,0,1,1
Mar 2026,/collections/heat-presses,chatgpt.com,1,1,0,1,1
Jul 2025,/products/ultra-premium-hot-peel-dtf-film-24-inch,chatgpt.com,1,1,0,1,1
Mar 2026,/products/dtf-printer-24-inch-4-i3200-9-color-fluorescent,chatgpt.com,1,1,0,1,1
Mar 2026,/collections/24-inch-dtf-printers,chatgpt.com,1,1,1,1,1
Mar 2026,/collections/dtf-dryers,chatgpt.com,1,1,0,1,1
Jul 2025,/products/ultra-premium-hot-peel-24x328-feet,chatgpt.com,1,1,0,1,1
Mar 2026,/collections/heat-press-machines,chatgpt.com,1,1,0,1,1
Jul 2025,/products/premium-double-matte-hot-peel-24x328-feet,chatgpt.com,1,1,0,1,1
Mar 2026,/blogs/blog/dtf-film-transfer-process-explained-from-printing-to-heat-pressing,chatgpt.com,1,1,0,1,1
Mar 2026,/blogs/blog/future-of-dtf-printing-2030,chatgpt.com,1,1,0,1,1
Mar 2026,/collections/dtf-inks,chatgpt.com,1,1,0,1,1
Mar 2026,/collections/uv-inks-t-shirts-hats,chatgpt.com,1,1,0,1,1
Jul 2025,/products/dtf-yellow-ink-1-liter,chatgpt.com,1,1,0,1,1
Mar 2026,/collections/uv-dtf-printer,cn.bing.com,1,1,1,1,1
Mar 2026,/pages/about-dtf-printer-usa,cn.bing.com,1,1,0,1,1
Mar 2026,/products/24-inch-uv-printer-3-epson-i3200-printheads,cn.bing.com,1,1,0,1,1
Jul 2025,/products/dtf-transfer-medium-powder-1-kg,chatgpt.com,1,1,0,1,1
Apr 2026,/collections/dtf-inks-t-shirts-hats,chatgpt.com,1,1,0,1,1
Apr 2026,/products/60x90cm-uv-flatbed-printer-3-epson-i3200-printheads,gemini.google.com,1,1,1,1,1
Apr 2026,/products/24x32-hydraulic-heat-press-machine-large-format,perplexity.ai,1,1,1,1,1
Jul 2025,/products/dtf-transfer-magenta-ink-1l,chatgpt.com,1,1,0,1,1
Jul 2025,/products/dtf-cyan-ink-1-liter,chatgpt.com,1,1,0,1,1
Apr 2026,/products/replacement-white-ink-filter,chatgpt.com,1,1,1,1,1
Jul 2025,/products/double-matte-smart-peel-dtf-film-12-inch,chatgpt.com,1,1,0,1,1
Jul 2025,/products/a4-dtf-paper,chatgpt.com,1,1,0,1,1
Jul 2025,/products/a3-dtf-paper,chatgpt.com,1,1,0,1,1
Apr 2026,/pages/contact-us,chatgpt.com,1,1,0,1,1
Apr 2026,/products/dtf-strong-cleaning-solution,chatgpt.com,1,1,1,1,1
Jul 2025,/collections/dtf-printer,chatgpt.com,1,1,0,1,1
Apr 2026,/blogs/blog/perfect-heat-transfer-sizes-for-every-t-shirt,claude.ai,1,1,0,1,1
Apr 2026,/collections/dtf-inks,chatgpt.com,1,1,0,1,1
Apr 2026,/,copilot.com,1,1,1,1,1
Apr 2026,/collections/dtf-printer,copilot.com,1,1,0,2,1
Apr 2026,/account,chatgpt.com,1,1,0,1,1
Apr 2026,/account/addresses,chatgpt.com,1,1,0,1,1
Apr 2026,/account/register,chatgpt.com,1,1,0,1,1
Jul 2025,/collections/all-products,chatgpt.com,1,1,0,1,1
Oct 2025,/checkouts/cn/b615f880ee541e615a439044f30feebe/thank_you,chatgpt.com,1,2,0,2,1
Jul 2025,/products/dpu24-4-head-dtf-printer-24,copilot.microsoft.com,1,1,1,2,1
Apr 2026,/products/24-inch-fluorescent-dtf-printer-4-epson-i3200,chatgpt.com,1,1,1,1,1
Apr 2026,/collections/dtf-printer,gemini.google.com,1,1,0,1,1
Apr 2026,/checkouts/cn/hWNBYOvJlSSHj8uPcAxmrtdx/en-us,chatgpt.com,1,1,0,1,1
Apr 2026,/checkouts/cn/hWNBYOvJlSSHj8uPcAxmrtdx/en-us/thank-you,chatgpt.com,1,1,0,1,1
Apr 2026,/products/4-head-15-needle-commercial-embroidery-machine,chatgpt.com,1,1,0,1,1
Apr 2026,/collections/heat-press-machines,chatgpt.com,1,1,0,1,1
Jul 2025,/pages/contact-us,cn.bing.com,1,1,0,1,1
Apr 2025,/pages/about-dtf-printer-usa,chatgpt.com,1,1,1,1,0
Apr 2025,/collections/replacement-and-spare-parts,chatgpt.com,1,2,1,2,0
Jul 2025,/checkouts/cn/2a3fcf96a62c242a466db84260e8a369/thank_you,chatgpt.com,1,1,0,1,1
May 2025,/products/replacement-dtf-small-wheel-motor,chatgpt.com,1,1,1,1,0
May 2025,/products/uv-dpu24-4-printer-24-copy,chatgpt.com,1,1,1,1,0
May 2025,/collections/heat-presses,cn.bing.com,1,1,1,1,0
Jun 2025,/products/hdh2022-hydraulic-head-moving-heat-press,chatgpt.com,1,1,1,1,0
Jun 2025,/,gemini.google.com,1,1,1,1,0
Jul 2025,/products/hdh2022-hydraulic-head-moving-heat-press,chatgpt.com,1,1,1,1,0
Jun 2025,/blogs/blog,chatgpt.com,1,1,0,1,1
Jul 2025,/blogs/news/the-ultimate-guide-to-dtf-printers,cn.bing.com,1,1,1,1,0
Jul 2025,/blogs/news/best-heat-press-machines-for-all-your-needs-in-2025,gemini.google.com,1,1,1,1,0
Jun 2025,/search,chatgpt.com,1,1,0,1,1
Aug 2025,/pages/contact-us,chatgpt.com,1,1,0,1,0
Aug 2025,/products/dtfprinterusa-a3-dtf-printer-model-300b-dual-epson-printheads-cmyk-w,chatgpt.com,1,1,1,1,0
Aug 2025,/products/replacement-white-ink-circulation-shunt,chatgpt.com,1,1,1,1,0
Aug 2025,/products/dpu24-4-head-dtf-printer-24,chatgpt.com,1,1,1,1,0
Aug 2025,/blogs/news/what-is-the-best-dtf-printer-for-beginners,chatgpt.com,1,1,1,1,0
Aug 2025,/blogs/news/best-heat-press-machines-for-all-your-needs-in-2025,perplexity,1,1,1,1,0
Aug 2025,/products/dtf-powder-shaker-oven-60cm-professional-heat-powder-shaker-with-smoke-purifier,chatgpt.com,1,1,1,1,0
Aug 2025,/collections/uv-dtf-printer,chatgpt.com,1,1,1,1,0
Aug 2025,/products/replacement-3w-ink-pump,chatgpt.com,1,1,1,1,0
Sep 2025,/collections/heat-presses,chatgpt.com,1,1,1,1,0
Sep 2025,/products/dtfprinterusa-otterpro-all-in-one-automated-dtf-printer-42cm-16-5-print-width-dual-epson-i1600-a1-heads,chatgpt.com,1,1,1,1,0
Jun 2025,/products/replacement-y-shape-ink-tube-connector,chatgpt.com,1,1,0,1,1
Sep 2025,/blogs/news/what-is-the-best-dtf-printer-for-beginners-1,chatgpt.com,1,1,1,1,0
Sep 2025,/blogs/news/best-dtf-printers-for-small-businesses-a-comprehensive-guide,chatgpt.com,1,1,1,1,0
Jun 2025,/products/replacement-print-head-i3200,chatgpt.com,1,1,0,1,1
Sep 2025,/products/dtfprinterusa-1-8m-oil-roller-heat-press-jc-26b-multifunction-sublimation-transfer,chatgpt.com,1,1,1,1,0
Sep 2025,/products/dtf-transfer-fine-powder,chatgpt.com,1,1,1,1,0
Jun 2025,/products/replacement-horizontal-ink-stack-captop,chatgpt.com,1,1,0,1,1
Jun 2025,/collections/replacement-and-spare-parts-for-dryer,chatgpt.com,1,1,0,1,1
Sep 2025,/collections/dtf-printing-supplies-sale,chatgpt.com,1,1,1,1,0
Sep 2025,/products/a4-dtf-paper,chatgpt.com,1,1,1,1,0
Sep 2025,/products/dtfprinterusa-xf-450pro-a2-all-in-one-dtf-printer-dual-i1600-heads-16-print-width,chatgpt.com,1,1,1,1,0
Sep 2025,/products/dtfprinterusa-a3-dtf-printer-model-300b-dual-epson-printheads-cmyk-w,chatgpt.com,1,1,1,1,0
Sep 2025,/collections/replacement-and-spare-parts,chatgpt.com,1,1,1,1,0
Jun 2025,/collections/dtf-inks-t-shirts-hats,chatgpt.com,1,1,0,1,1
Oct 2025,/products/replacement-for-head-board-dtf,chatgpt.com,1,1,1,2,0
Oct 2025,/blogs/blog/best-heat-press-machines-for-all-your-needs-in-2025,chatgpt.com,1,2,0,2,0
Oct 2025,/pages/faq,chatgpt.com,1,1,1,1,0
Oct 2025,/products/dtf-moisturizing-liquid,chatgpt.com,1,1,1,1,0
Jun 2025,/products/replacement-5x3mm-4-colors-ink-tube,chatgpt.com,1,1,1,1,1
Oct 2025,/products/dtfprinterusa-a3-dtf-printer-model-300b-dual-epson-printheads-cmyk-w,chatgpt.com,1,1,1,1,0
Oct 2025,/collections/heat-presses,chatgpt.com,1,1,1,1,0
Nov 2025,/blogs/blog/best-heat-press-machines-for-all-your-needs-in-2025,chatgpt.com,1,1,1,1,0
Jun 2025,/products/dtf-printer-usa-dpu24-4-bundle-with-dryer,chatgpt.com,1,1,0,1,1
Nov 2025,/blogs/blog/dtf-printing-stretch-test-for-performance-wear-durability,gemini.google.com,1,1,1,1,0
Nov 2025,/products/dtf-moisturizing-liquid,chatgpt.com,1,1,1,1,0
Nov 2025,/collections/uv-dtf-printer,chatgpt.com,1,1,1,1,0
Nov 2025,/products/uv-dpu24-4-printer-24-copy,chatgpt.com,1,1,1,1,0
Jun 2025,/pages/set-up-service,chatgpt.com,1,1,0,1,1
Nov 2025,/collections/new-products,chatgpt.com,1,1,1,1,0
Dec 2025,/collections/replacement-and-spare-parts,chatgpt.com,1,1,1,1,0
Jun 2025,/collections/dtf-printer,chatgpt.com,1,1,0,1,1
Dec 2025,/blogs/blog/best-dtf-printer-for-small-business,chatgpt.com,1,1,1,1,0
Dec 2025,/products/dtfprinterusa-q1904-1-9m-high-speed-sublimation-printer-4x-i3200-a1-heads,chatgpt.com,1,1,1,1,0
Dec 2025,/blogs/blog/dtf-supplies-inks-films-powders-equipment-you-actually-need,chatgpt.com,1,1,1,1,0
Dec 2025,/products/double-matte-smart-peel-24x328-feet,chatgpt.com,1,1,1,1,0
Dec 2025,/products/pneumatic-single-station-hat-heat-press-machine-model-gs-mz1,chatgpt.com,1,1,1,1,0
Dec 2025,/blogs/blog/7-creative-ways-to-make-money-with-your-dtf-printer,chatgpt.com,1,1,1,1,0
Dec 2025,/products/replacement-print-head-i3200,chatgpt.com,1,1,1,1,0
May 2025,/products/hdh2022-hydraulic-head-moving-heat-press-16x24-inch,chatgpt.com,1,1,0,1,1
Dec 2025,/products/replacement-ink-valve-connector,chatgpt.com,1,1,1,1,0
Dec 2025,/products/fully-automatic-turntable-6-station-heat-press-machine-model-gs-qd6-size-50-60-cm,chatgpt.com,1,1,1,1,0
Dec 2025,/products/uv-dtf-printer-usa-varnish-ink-1-liter,chatgpt.com,1,1,1,1,0
Dec 2025,/products/hdh2022-hydraulic-head-moving-heat-press-16x24-inch,chatgpt.com,1,1,1,1,0
Dec 2025,/products/ultra-premium-hot-peel-24x328-feet,chatgpt.com,1,1,1,1,0
Dec 2025,/products/uv-dtf-film-a-b-60,chatgpt.com,1,1,0,1,0
Jan 2026,/products/dtf-printer-usa-dpu24-4-bundle-with-dryer,gemini.google.com,1,1,1,1,0
Jan 2026,/products/premium-single-matte-hot-peel-24x328-feet,chatgpt.com,1,1,1,1,0
Jan 2026,/products/replacement-wiper,chatgpt.com,1,1,1,1,0
May 2025,/blogs/blog/dtf-transfer-powders-types-quality-effects,cn.bing.com,1,1,1,1,1
May 2025,/products/uv-dtf-film-a-b-30,chatgpt.com,1,1,1,1,1
Jan 2026,/products/dtfprinterusa-q1904-1-9m-high-speed-sublimation-printer-4x-i3200-a1-heads,chatgpt.com,1,1,1,1,0
Apr 2025,/products/uv-dpu24-4-printer-24-copy,chatgpt.com,1,1,0,1,1
Jan 2026,/pages/about-dtf-printer-usa,copilot.com,1,1,1,1,0
Jan 2026,/blogs/blog/best-heat-press-machines-for-all-your-needs-in-2025,chatgpt.com,1,1,1,1,0
Jan 2026,/blogs/blog/preventative-maintenance-routine-dtf-print-head,chatgpt.com,1,1,1,1,0
Jan 2026,/collections/replacement-and-spare-parts,chatgpt.com,1,1,1,1,0
Jan 2026,/products/premium-double-matte-hot-peel-24x328-feet,chatgpt.com,1,1,1,1,0
Jan 2026,/blogs/blog/guide-dtf-printer-for-beginners-and-for-small-businesses,perplexity,1,1,1,1,0
Jan 2026,/collections/heat-presses,perplexity,1,1,1,1,0
Feb 2026,/products/dtfprinterusa-uv-flatbed-inkjet-printer-epson-i3200-head-multicolor-printing,chatgpt.com,1,1,1,1,0
Feb 2026,/blogs/blog/best-heat-press-machines-for-all-your-needs-in-2025,perplexity,1,1,1,1,0
Feb 2026,/products/double-matte-smart-peel-12x328-feet,chatgpt.com,1,1,1,1,0
Feb 2026,/products/dtf-dpu24-5-head-printer-24,chatgpt.com,1,1,1,1,0
Feb 2026,/blogs/blog/financial-guide-second-dtf-printer,chatgpt.com,1,1,1,1,0
Apr 2025,/collections/uv-dtf-printer,chatgpt.com,1,1,1,1,1
Feb 2026,/products/dtfprinterusa-a3-dtf-printer-model-300b-dual-epson-printheads-cmyk-w,chatgpt.com,1,1,1,1,0
Feb 2026,/products/single-head-15-needle-embroidery-machine-cap-support,chatgpt.com,1,1,1,1,0
Feb 2026,/collections/1-lt-batch-uv-ink,chatgpt.com,1,1,1,1,0
Feb 2026,/products/16x20-pneumatic-heat-press-machine-dual-platens,chatgpt.com,1,1,1,1,0
Feb 2026,/products/4-head-15-needle-commercial-embroidery-machine,chatgpt.com,1,1,1,1,0
Feb 2026,/products/24-inch-dtf-printer-5-epson-i3200-printheads,perplexity,1,1,1,1,0
Feb 2026,/products/dtf-strong-cleaning-solution,chatgpt.com,1,1,1,1,0
Feb 2026,/collections/dtf-printer-set-up-service,chatgpt.com,1,1,1,1,0
Feb 2026,/,claude.ai,1,1,1,1,0
Feb 2026,/blogs/blog/future-of-dtf-printing-2030,copilot.com,1,1,1,1,0
Feb 2026,/products/replacement-white-ink-filter,chatgpt.com,1,1,1,1,0
Feb 2026,/products/24-inch-dtf-printer-4-epson-i3200-printheads,perplexity,1,1,1,1,0
Feb 2026,/products/replacement-main-board-dtf,chatgpt.com,1,1,1,2,0
Feb 2026,/products/60x90cm-uv-flatbed-printer-3-epson-i3200-printheads,chatgpt.com,1,1,1,1,0
Feb 2026,/products/dtf-moisturizing-liquid,chatgpt.com,1,1,1,1,0
Mar 2026,/blogs/blog/anatomy-of-a-dtf-printer,chatgpt.com,1,1,1,1,0
Mar 2026,/blogs/blog/dtf-vs-dtg-printing,chatgpt.com,1,1,1,1,0
Mar 2026,/products/12-inch-uv-embossing-printer-epson-dx7-printhead-embroidery-effect,chatgpt.com,1,1,1,1,0
Mar 2026,/products/uv-dtf-printer-usa-black-ink-1-liter,chatgpt.com,1,1,1,1,0
Mar 2026,/products/1-lt-batch-dtf-ink,chatgpt.com,1,1,1,1,0
Mar 2026,/blogs/blog/how-to-print-t-shirts-with-a-dtf-printer,copilot.com,1,1,1,1,0
Mar 2026,/products/replacement-wiper,copilot.com,1,1,1,1,0
Mar 2026,/products/dtf-strong-cleaning-solution,chatgpt.com,1,1,1,1,0
Mar 2026,/blogs/blog/best-heat-press-machines-for-all-your-needs-in-2025,claude.ai,1,1,1,1,0
Mar 2026,/products/single-head-15-needle-embroidery-machine-cap-support,perplexity,1,1,1,1,0
Mar 2026,/products/replacement-y-shape-ink-tube-connector,chatgpt.com,1,1,1,1,0
Mar 2026,/products/dtf-direct-to-film-24-x-328ft-glitter-film-for-high-quality-transfers,chatgpt.com,1,2,0,2,0
Mar 2026,/products/75-inch-sublimation-printer-4-epson-i3200-printheads,chatgpt.com,1,1,1,1,0
Mar 2026,/blogs/blog/dtf-printing-stretch-test-for-performance-wear-durability,gemini.google.com,1,1,1,1,0
Mar 2026,/products/12-inch-triple-head-uv-dtf-printer-small,chatgpt.com,1,1,1,1,0
Mar 2026,/products/replacement-24v10a-power-supply,chatgpt.com,1,1,1,1,0
Mar 2026,/collections,chatgpt.com,1,1,0,2,2
Apr 2026,/products/24-inch-dtf-powder-shaker-dryer-high-power,chatgpt.com,1,2,0,2,0
Apr 2026,/blogs/blog/dtf-powder-shaker-pros-cons,chatgpt.com,1,1,1,1,0
Apr 2026,/blogs/blog/dtf-supplies-inks-films-powders-equipment-you-actually-need,chatgpt.com,1,1,1,1,0
Apr 2026,/products/24-inch-automatic-dtf-powder-shaker-dryer,gemini.google.com,1,1,1,1,0
Apr 2026,/products/replacement-main-board-dtf,chatgpt.com,1,1,1,1,0
Apr 2026,/collections/heat-presses,chatgpt.com,1,1,1,1,0
Jul 2025,/collections/new-products,gemini.google.com,1,1,0,2,2
May 2025,/products/hdh2022-hydraulic-head-moving-heat-press,chatgpt.com,1,1,0,2,2
Apr 2026,/blogs/blog/dtf-supplies-inks-films-powders-equipment-you-actually-need,copilot.com,1,1,1,1,0
Apr 2026,/products/12-inch-triple-head-uv-dtf-printer-small,chatgpt.com,1,1,1,1,0
Apr 2026,/blogs/blog/dtf-printing-stretch-test-for-performance-wear-durability,chatgpt.com,1,1,1,1,0
Apr 2026,/blogs/blog/top-5-reasons-why-dtf-printing-is-perfect-for-small-businesses,chatgpt.com,1,1,1,1,0
Apr 2026,/collections/embroidery-machines,chatgpt.com,1,1,1,1,0
Apr 2026,/blogs/blog/anatomy-of-a-dtf-printer,gemini.google.com,1,1,1,1,0
Apr 2026,/products/24-inch-uv-printer-3-epson-i3200-printheads,chatgpt.com,1,1,1,1,0
Apr 2026,/collections/replacement-and-spare-parts,copilot.com,1,1,1,1,0
Jul 2025,/blogs/blog,chatgpt.com,1,2,0,2,1
Jul 2025,/,gemini.google.com,0,1,0,1,1
Dec 2025,/collections/heat-presses,chatgpt.com,0,1,0,1,1
May 2025,/blogs/dtf-business/2024-guide-dtf-printer-for-beginners-dtf-printers-for-small-businesses,chatgpt.com,0,1,0,1,0
Aug 2025,/search,chatgpt.com,0,1,0,1,0
Dec 2025,/collections/replacement-and-spare-parts,gemini.google.com,0,1,1,1,0
Mar 2026,/products/24-inch-eco-dtf-dryer-powder-shaker-efficient,chatgpt.com,0,1,0,1,0