"Keyword","Impressions","Clicks","CTR","Avg. Position"
"sublimation","90","0","0%","8.911103333333333"
"uv dtf printer","44","0","0%","5.50000909090909"
"dtf printer","43","1","2.33%","7.604651162790698"
". (site:dtfprinterusa.com)","42","0","0%","4"
"dtf printer usa","37","23","62.160000000000004%","1.162162162162162"
"dtf transfer supplier usa","30","0","0%","7.333293333333333"
"what tshirt material is typically used for dtf printing","14","0","0%","9"
"dtf printers","6","0","0%","6.333333333333333"
"best dtf printer for small business","6","0","0%","6.833333333333333"
"dtfprinter.com","6","0","0%","3.6666666666666665"
"uv printer","6","0","0%","21.5"
"hydraulic heat press machine","5","0","0%","5.8"
"what is uv printing","5","0","0%","8"
"dtf","5","0","0%","7.8"
"dtf printer parts catalog","5","0","0%","3.8"
"dtf printers for sale","5","0","0%","5.6"
"dtf printing vs dye sublimation","4","0","0%","5"
"what is a dtf machine","4","0","0%","1.5"
"dtf transfer paper","4","1","25%","3"
"dtf printer parts name with image","4","1","25%","1"
"dtf moisturizing liquid","4","1","25%","3"
"dtf channel flush utility","4","0","0%","5.5"
"rustic united dtf printer","4","1","25%","2"
"dtfusa","4","0","0%","1.75"
"dtf print usa","4","0","0%","2"
"heat transfer printer machine","3","0","0%","8.3333"
"explus customer service dtf printer","3","0","0%","4"
"dtfprinterusa.com","3","1","33.33%","3.3333"
"what is dtf printing","3","0","0%","8"
"what is the beat dtf printet for small business","3","0","0%","4.666666666666667"
"dtf printer i1600 all in one","3","1","33.33%","1"
"new off and on switch for a gallery dtf dryer","3","0","0%","1"
"sublimation like dtf","3","0","0%","2.3333"
"dtfprintsusa.com","3","0","0%","7"
"dtf moisturizing liquid 1 litre","3","0","0%","4"
"american made dtf printer","3","1","33.33%","5"
"stretch dtf","3","1","33.33%","2"
"uv dtf cleaning solution","3","0","0%","2"
"control board for dtf printer inkone ds1","3","0","0%","5"
"future dtf","3","0","0%","5.666666666666667"
"dtf print agent","3","0","0%","10"
"komhow dtf printer official support phone number usa phone number","3","1","33.33%","4"
"24inch dtf printer","3","0","0%","2.3333"
"uv dtf printers usa","2","0","0%","1"
"haolic xp600 parts","2","0","0%","6"
"texas heat press","2","0","0%","7"
"what is dtf","2","0","0%","8"
"t shirt measurement chart for heat press","2","0","0%","5"
"g for the same film i use. i use dtf printer usa film, double matt hot peel. i think it is 100micron thickness.#N##N##N##N#please advise.#N##N#thank you","2","0","0%","2"
"what is the diffrence between uv ink & emboss ink","2","0","0%","2"
"c603+z650-2 24 inch 3pcs i3200-a1 printheads dtf printer price in pakistan","2","0","0%","10"
"dtf spare parts","2","0","0%","5"
"i3200 dtf printer upgrade","2","0","0%","3"
"dtf printer usa llc","2","0","0%","5.5"
"dtf what ty of expense is it related to cogs","2","0","0%","6"
"dtp printer","2","0","0%","5.5"
"how does it work a dtf head","2","0","0%","1"
"dtf printer for beginners","2","0","0%","8"
"infrared for heatpress hydraulic machine","2","0","0%","7"
"dtf printer price","2","0","0%","9"
"what is the cl ink tank in the dtf machine ?","2","0","0%","3"
"dtf supplier","2","0","0%","8"
"hp-1624h","2","2","100%","2.5"
"dtf film sheets","2","0","0%","6"
"dprinter stretching","2","0","0%","1"
"dtf hack with inkjet ink vs sublimation ink","2","0","0%","7"
"purchase a dtf printer with ein","2","0","0%","7"
"dtf printer usa price","2","1","50%","1"
"dtf printer for small business","2","0","0%","2"
"epson p6070 printer dimensions in cm","2","0","0%","1"
"price of a dtf machine","2","0","0%","5"
"dtf cleaning solution","2","0","0%","5.5"
"dt-119 zero position board","2","0","0%","53"
"dtf film","2","0","0%","7"
"maximum times to clean printhead for dtf","2","0","0%","7"
"pm method for dtf machine","2","0","0%","2.5"
"dtf printing machine","2","0","0%","4.5"
"dtf printer cost","2","0","0%","9.5"
"dtf film rolls","2","0","0%","7"
"dtf uv printer","2","2","100%","4.5"
"dtf printer epson","2","0","0%","8"
"sublimation vs dtf","2","0","0%","4.5"
"dtf machine for sale","2","0","0%","7.5"
"dtdtf","2","0","0%","9.5"
"dtf supplies","2","0","0%","8.5"
"uv printing technology","2","0","0%","6"
"f13 pro dtf print head replacement","2","0","0%","10"
"dtf paper","2","0","0%","6"
"white ink oump trf 385","2","1","50%","1"
"dtf printer usa; heatpressusa hr-2024h-4, 20" x 24" hydraulic rotary heat press for industrial use","2","1","50%","1.5"
"dft printer","2","0","0%","9"
"dtf 24h4 dryer belt conveyor belt replacement","2","1","50%","2.5"
"dtf head clog","2","0","0%","10"
"dsv dtf 1800 pump replacement","2","0","0%","6"
"explus automatic a1dtf powder shaker and dryer machine","2","1","50%","3"
"white ink pump for procolored l800","1","0","0%","6"
"3d printer reseller "education" "stem" "classroom" europe germany france italy online shop 2024","1","0","0%","9"
"dtg characteristics","1","0","0%","4"
"dtf printer parts diagram","1","0","0%","1"
"do dtg printers print black on black, or does it depend ondtg printer?","1","0","0%","9"
"is it possible to do auto maintnace to a dtf printer","1","0","0%","5"
"how to change the resoultion settings on my dtf printer","1","0","0%","10"
"replacement main board on dtf printer","1","1","100%","1"
"best affordable dtf printer","1","0","0%","26"
"3w ink circulation pump replacement","1","1","100%","2"
"red printhead moisturizer","1","0","0%","2"
"dt printer\","1","0","0%","6"
"dtf transfer vs sublimation","1","1","100%","2"
"what is the time and temp for curing htv powder","1","0","0%","5"
"can dtf powder be used for film printing?","1","0","0%","10"
"dtf printing paper","1","1","100%","2"
"dtf printer full name","1","0","0%","7"
"screen printing press evolution","1","0","0%","4"
"is dtf machine do printind art design on paper for tshirt printing","1","0","0%","5"
"importance of wraming plate on dtf peinter","1","0","0%","8"
"what is the time and temp for curing htv powder in htv oven","1","0","0%","3"
"pinterest                                    dtf","1","0","0%","6"
"dtf vs sublimation printing","1","0","0%","9"
"dtf machine cleaning\","1","0","0%","5"
"dtf different materials","1","0","0%","44"
"dtf printed t shirt","1","0","0%","10"
"can i clean just my damper in my dtf machine","1","0","0%","5"
"dtf printing machine cost","1","0","0%","1"
"dtf in class","1","0","0%","6"
"dtf printers for beginners","1","0","0%","5"
"stubborn clod on dtf printhead","1","0","0%","8"
"plk dtf printer parts","1","0","0%","10"
"dtf powder what people use","1","0","0%","1"
"‏generic (oem) dtf 600 pro max","1","0","0%","3"
"moisturizing liquid, ink, and other dtf consumables","1","0","0%","3"
"sublimation printing equipment","1","0","0%","32"
"dtf brand","1","0","0%","6"
"uvdtf printer usa","1","1","100%","1"
"+heatpress hydrolic","1","0","0%","10"
"what is uv printing called","1","1","100%","3"
"were the head mentenance is in the dtf 1000 machince","1","0","0%","4"
"can i used alcohol to clean a dtf print head","1","1","100%","2"
"price of dtf machine","1","0","0%","8"
"dtgfhnrth","1","0","0%","9"
"how tdoodifyer runs pressure","1","0","0%","9"
"rustic united printer","1","1","100%","2"
"what does dpi mean in object properties direct to film","1","0","0%","5"
"dtf 12h2 printer main board replacement","1","1","100%","1"
"uv printing meaning","1","0","0%","10"
"what type of print to use on stretch material? dtf?","1","0","0%","1"
"ricoma dtf printer parts","1","1","100%","3"
"white ink filter for dtf printer","1","0","0%","3"
"what is uv printed","1","0","0%","8"
"t-shirt materials dtf type","1","0","0%","7"
"impresora dtf a3 estados unidos","1","0","0%","1"
"oddly 24 inch dtf printer","1","0","0%","7"
"damper procolored dtf printer","1","0","0%","6"
"dtf tube","1","0","0%","3"
"what is the cl in the dtf machine ?","1","0","0%","4"
"textile printer","1","0","0%","4"
"do you need the white powder for dtf for clothes","1","0","0%","8"
"dtf printer how much","1","0","0%","7"
"ksr-40 da solid state relay 40a","1","0","0%","10"
"textile printers","1","0","0%","5"
"screen njcxgk mayo","1","0","0%","10"
"dtg stand for color","1","0","0%","4"
"damper dtf 30","1","0","0%","7"
"drf printer","1","0","0%","5"
"dtf and sublimation","1","0","0%","3"
"bond dry th is dtf","1","0","0%","2"
"is there a cartridge that you have to put in a dtf printer to print off labels","1","0","0%","10"
"punehod a3 l800 hoses replacement parts","1","0","0%","4"
"what is the function of vr ink for function dtf printer machine","1","0","0%","4"
"dtf-sg-a3s02-v2","1","1","100%","6"
"commercial hydrolic heat press","1","0","0%","10"
"which dtf powder to use on stretchy material","1","1","100%","3"
"ack dtf printer head replacement","1","1","100%","2"
"what to charge for long sleeve t with dtf transfer","1","0","0%","8"
"epson i3200 dtf printer 24 inch","1","0","0%","2"
"automatic heat transfer press machine dtf heat press","1","1","100%","4"
"dtf printer and press","1","0","0%","4"
"what is the different between premium dtf and dtf","1","0","0%","4"
"can you use the dtf printer roll paper without using the shaker","1","0","0%","2"
"heat press printer machine","1","0","0%","8"
"is it worth buying a dtf printer for my buisness. what is the cost of owning one?","1","1","100%","3"
"video of which side is facing down on a dtf oven","1","0","0%","1"
"dtdf process","1","0","0%","10"
"dtf powder for sale","1","0","0%","7"
"best dtf software for beginners","1","0","0%","7"
"como trocar damper da impressora dtf","1","0","0%","10"
"how much ink and powder does dtf printing take? — dtf printing technology","1","0","0%","7"
"4 head dtf i3200 24inch inkjet dtf with powder shaking machine 60cm t-shirt a3 30cm transfer xp600 dtf printers printing machine","1","0","0%","4"
"what is a dtf printer","1","0","0%","4"
"cinco de mayo clip art","1","0","0%","10"
"how to fix clumping powder ina printer cartridge","1","0","0%","5"
"dtf ink","1","0","0%","9"
"dtf printer with epson i3200","1","0","0%","10"
"dtf printer heat press sublimation vinyl supplier distributor usa canada email whatsapp contact company 2024","1","0","0%","2"
"how much dtf powder to use","1","0","0%","6"
"best dtf powder to use","1","0","0%","5"
"how does a dtg work/","1","0","0%","8"
"wich electronics does inktec dtf printers use? byhx or hoson?","1","0","0%","9"
"how to use a shaker in a dtf machine without the shaker machine","1","0","0%","3"
"buy dtf printer in usa","1","1","100%","1"
"what is a dtf printer machine","1","1","100%","2"
"uv dtf wraps -associated associated with uv","1","0","0%","2"
"qgraduation why is printer","1","0","0%","4"
"mcgrady timing dtf dry belt","1","1","100%","4"
"24in dtf printer","1","1","100%","2"
"dtf printer usa head cable","1","1","100%","1"
"dtf printing sheets","1","0","0%","7"
"t shirt converor driyer parts","1","0","0%","2"
"uv dtf printer price","1","0","0%","9"
"meaning of convert the printed film","1","0","0%","6"
"whats is the best machine between dtf  printing and sublimation printing","1","0","0%","7"
"i3200 printhead dtf printer","1","0","0%","1"
"top ink quality","1","0","0%","8"
"dtf printer needs to be cleaned after each print","1","1","100%","2"
"how many bit for dtf printing","1","0","0%","3"
"best dtf photos for t shirt","1","0","0%","28"
"a3 dtf main board update bin.","1","0","0%","10"
"dtf printers usa.com","1","1","100%","1"
"what is dtf powder used for","1","0","0%","10"
"hydrolic dtf","1","0","0%","5"
"dtfprnterusa","1","1","100%","1"
"how it’s built: the fascinating process of assembling a dtf printer!","1","0","0%","9"
"how to make a design look vintage in dtf","1","0","0%","7"
"dtp printers near me","1","0","0%","3"
"the future of dtf","1","1","100%","1"
"size of dtf a4 sheet","1","0","0%","10"
"dye sublimation vs premium printing","1","1","100%","1"
"wiper dtf print","1","0","0%","3"
"sublimation printing on cotton","1","0","0%","24"
"rustik united dtf printer","1","1","100%","2"
"what is the best dtf powder","1","1","100%","4"
"difference between sublimation print and non-pvc print","1","0","0%","6"
"uv ink 1l (cmykv) 20bottle/box","1","0","0%","5"
"ksr-dtf","1","0","0%","3"
"dtf printers us","1","1","100%","1"
"dtf gear motor","1","0","0%","9"
"dtf printing machine on clothes","1","0","0%","6"
"what is the operating hydraulic pressure of a","1","0","0%","3"
"what is involvd in dtf printing","1","1","100%","2"
"with three epson i3200 printer","1","1","100%","3"
"what does sublimationa nd dtf businesses search on pinterest to buy instant downloads for summers t shirts","1","0","0%","1"
"school for dtf printers","1","0","0%","5"
"dtf powder","1","0","0%","8"
"can dtf powders be mixed together","1","0","0%","2"
"dtf press machine","1","0","0%","7"
"12 ppm speed dtf","1","0","0%","4"
"software like cadlink dtf","1","0","0%","6"
"dtf film roll","1","1","100%","6"
"dtf printer machine","1","0","0%","5"
"which shirt is rated best for dtf and dtg forum","1","0","0%","3"
"roughly how fast does a resolute dtf machine print","1","0","0%","4"
"shirt sublimation dtf film","1","0","0%","7"
"cinco de derby 2026","1","0","0%","5"
"can you clean a dtf printer head with alcohol","1","0","0%","7"
"where can i buy a dtf printer at a store","1","0","0%","10"
"uv dtf printer for home","1","0","0%","7"
"printer dtf uv","1","1","100%","6"
"dtfnj","1","0","0%","5"
"how to fix clumping in a powder printer cartridge","1","0","0%","7"
"dtf printing mahcine","1","0","0%","5"
"dprinter weather stretching","1","0","0%","4"
"wiper blades dtf ink","1","0","0%","7"
"ssr for dryer","1","0","0%","10"
"dtf fluid","1","0","0%","7"
