query,nov25_imp,nov25_clicks,nov25_pos,dec25_imp,dec25_clicks,dec25_pos,jan26_imp,jan26_clicks,jan26_pos,feb26_imp,feb26_clicks,feb26_pos,mar26_imp,mar26_clicks,mar26_pos,apr26_imp,apr26_clicks,apr26_pos
dtf printer,5278,25,12.36,4891,5,8.27,5284,18,15.33,10012,29,10.91,11418,36,10.88,3103,10,13.97
dtf printers for sale,727,5,13.53,631,3,16.61,419,2,22.72,737,4,13.77,1511,10,11.33,1295,7,10.92
dtf printers,308,3,20.92,598,4,19.84,698,3,21.41,726,3,16.37,1167,14,16.07,515,2,19.47
dtf printer usa,448,54,1.01,357,33,5.85,344,26,7.11,278,21,6.51,377,40,5.6,404,38,2.58
dtf machine,59,0,30.76,109,0,41.33,195,0,29.46,360,0,15.19,622,2,13.54,195,1,15.11
best dtf printer for small business,113,1,17.7,101,1,24.17,188,1,16.07,431,1,7.11,195,0,17.89,222,1,15.39
dtf printer for beginners,131,1,5.82,127,0,16.7,188,0,16.51,241,0,11.72,281,1,7.3,108,0,17.73
dtf printer ink,110,0,23.74,230,0,15.61,232,0,13.94,99,0,29.86,247,0,24.45,123,0,26.36
dtf printer near me,106,1,20.66,138,1,32.4,141,0,35.67,148,1,20.59,102,0,14.44,65,0,20.4
dtf transfer printer,56,0,50.77,293,0,27.96,90,0,57.19,49,1,57.67,112,0,45.28,95,0,35.98
best heat press machine,75,0,61.41,162,0,68.16,142,0,66.06,104,1,55.45,135,0,26.95,68,1,39.59
dtf printer nearby,156,1,13.44,68,0,23.66,90,0,23.28,96,0,17.29,151,0,11.09,103,0,18.05
dtf powder,23,0,33.61,49,0,58.57,94,0,50.65,84,0,49.04,284,1,18.85,60,0,45.78
dtf ink,44,0,54.45,83,0,59.81,139,0,67.28,84,1,56.08,152,2,50.97,80,1,44.69
dtf printers for sale near me,159,1,9.93,78,1,15.12,67,0,18.24,68,1,15.44,91,0,15.48,60,0,13.88
dtf machine printer,18,0,59.67,30,0,48.2,47,0,54.21,89,1,22.8,202,0,18.59,77,1,23.56
direct to film printer,50,0,63.0,115,0,67.1,76,0,69.99,31,0,63.42,74,0,51.86,54,0,56.35
dtf printers near me,21,0,19.95,47,0,24.26,107,0,16.71,85,1,11.65,83,0,8.19,56,0,11.89
dtf transfer film,61,0,44.77,105,0,50.13,39,0,49.1,19,0,61.95,79,1,52.18,55,0,48.29
dtf printer for sale near me,58,2,16.62,47,0,27.13,42,0,22.64,51,0,17.59,60,0,15.53,59,0,12.15
dtf transfer paper,11,0,72.18,48,0,73.29,28,0,66.25,4,0,72.5,58,0,52.03,58,0,51.81
dtf printer price,22,0,47.32,27,0,63.52,25,0,71.28,16,0,40.56,76,0,16.13,27,0,10.07
transfer powder,9,0,31.11,37,0,53.76,39,0,44.64,38,0,26.63,41,0,22.63,10,0,30.7
dtf transfer powder,4,0,68.25,18,0,67.56,32,0,61.28,45,0,42.93,51,0,29.55,23,0,38.61
best dtf powder,5,0,75.8,18,0,80.72,23,0,68.13,18,0,35.78,42,0,29.26,6,0,35.33
heat press machine,7,0,1.86,4,0,4.0,0,0,,71,0,1.32,7,0,12.71,15,0,3.47
best dtf ink,4,0,60.0,23,0,68.39,26,0,62.27,9,0,42.78,23,0,26.83,0,0,
a3 dtf printer,6,0,38.83,10,0,53.4,18,0,55.83,1,0,92.0,25,0,45.36,12,0,38.75
dtf film and powder,0,0,,11,0,57.0,11,0,56.55,9,0,54.78,23,0,28.91,6,0,54.33
press machine,0,0,,0,0,,0,0,,2,0,1.0,13,0,45.69,24,0,62.75
what kind of printer do you need for dtf,2,0,1.0,19,0,31.26,3,0,77.0,3,0,59.0,8,0,54.0,4,0,12.5
dtf powder near me,1,0,49.0,8,0,37.75,2,0,47.0,6,0,19.83,13,0,38.92,0,0,
heat press,7,0,3.86,1,0,2.0,1,0,10.0,7,0,2.0,4,0,3.5,5,0,1.0
transfer film,3,0,83.67,0,0,,0,0,,0,0,,5,0,38.4,13,0,48.38
what printer is needed for dtf,0,0,,3,0,63.0,5,0,86.2,5,0,58.0,4,0,56.0,3,0,26.67
what printer to use for dtf,1,0,1.0,3,0,70.33,1,0,1.0,1,0,96.0,7,0,62.29,4,0,15.5
can you use a regular printer for dtf,0,0,,1,0,100.0,3,0,87.67,5,0,85.2,7,0,64.14,0,0,
dtf transfer printer near me,0,0,,3,0,10.0,1,0,1.0,2,0,28.0,3,0,37.67,5,0,14.2
dtf transfers,3,0,12.33,0,0,,2,0,21.5,2,0,11.0,4,0,10.75,3,1,1.0
heat press machine for shirts,0,0,,3,0,18.67,0,0,,2,0,1.0,2,0,4.0,1,0,1.0
best dtf printer,3,0,21.33,1,0,26.0,1,0,31.0,0,0,,0,0,,2,0,4.5
heat transfer machine,3,0,1.0,0,0,,0,0,,1,0,1.0,1,0,1.0,1,0,1.0
hot press machine,0,0,,0,0,,0,0,,0,0,,4,0,44.25,2,0,1.0
t shirt printing machine,1,0,13.0,0,0,,0,0,,2,0,1.0,2,0,1.0,1,0,1.0
procolored dtf printer,0,0,,0,0,,1,0,4.0,0,0,,0,0,,3,0,7.33
shirt press machine,0,0,,1,0,3.0,0,0,,1,0,3.0,1,0,1.0,1,0,5.0
what is dtf transfer printer,0,0,,0,0,,0,0,,0,0,,3,0,56.67,1,0,79.0
local dtf printing,1,0,6.0,0,0,,0,0,,0,0,,1,0,7.0,1,0,7.0
printer powder,3,0,9.33,0,0,,0,0,,0,0,,0,0,,0,0,
transfer printer,0,0,,0,0,,0,0,,0,0,,0,0,,3,0,1.33
how to print dtf,0,0,,0,0,,0,0,,1,0,60.0,1,0,17.0,0,0,
can you convert a printer to dtf,0,0,,0,0,,1,0,1.0,0,0,,0,0,,0,0,
direct to film,0,0,,0,0,,0,0,,0,0,,1,0,1.0,0,0,
dtf printer for shirts,0,0,,0,0,,0,0,,0,0,,1,0,1.0,0,0,
dtf process,0,0,,0,0,,0,0,,1,0,60.0,0,0,,0,0,
how to dtf print,0,0,,0,0,,0,0,,0,0,,1,0,37.0,0,0,
best printers to convert to dtf,0,0,,0,0,,0,0,,0,0,,0,0,,0,0,
custom ink t shirts,0,0,,0,0,,0,0,,0,0,,0,0,,0,0,
custom shirt,0,0,,0,0,,0,0,,0,0,,0,0,,0,0,
custom t shirts,0,0,,0,0,,0,0,,0,0,,0,0,,0,0,
custom tshirts,0,0,,0,0,,0,0,,0,0,,0,0,,0,0,
direct to film printing,0,0,,0,0,,0,0,,0,0,,0,0,,0,0,
direct to film printing near me,0,0,,0,0,,0,0,,0,0,,0,0,,0,0,
dtf meaning printing,0,0,,0,0,,0,0,,0,0,,0,0,,0,0,
dtf printing cost,0,0,,0,0,,0,0,,0,0,,0,0,,0,0,
dtf printing north carolina,0,0,,0,0,,0,0,,0,0,,0,0,,0,0,
film printer,0,0,,0,0,,0,0,,0,0,,0,0,,0,0,
heat press control box replacement,0,0,,0,0,,0,0,,0,0,,0,0,,0,0,
heat transfer,0,0,,0,0,,0,0,,0,0,,0,0,,0,0,
heat transfer vinyl instructions,0,0,,0,0,,0,0,,0,0,,0,0,,0,0,
how to create dtf transfers,0,0,,0,0,,0,0,,0,0,,0,0,,0,0,
how to do dtf,0,0,,0,0,,0,0,,0,0,,0,0,,0,0,
how to make dtf prints,0,0,,0,0,,0,0,,0,0,,0,0,,0,0,
how to make dtf transfers at home,0,0,,0,0,,0,0,,0,0,,0,0,,0,0,
how to press a dtf transfer,0,0,,0,0,,0,0,,0,0,,0,0,,0,0,
how to print dtf transfers,0,0,,0,0,,0,0,,0,0,,0,0,,0,0,
how to print sublimation transfers,0,0,,0,0,,0,0,,0,0,,0,0,,0,0,
how to use a dtf printer,0,0,,0,0,,0,0,,0,0,,0,0,,0,0,
how to use dtf printer,0,0,,0,0,,0,0,,0,0,,0,0,,0,0,
is dtf printing good quality,0,0,,0,0,,0,0,,0,0,,0,0,,0,0,
powder printing,0,0,,0,0,,0,0,,0,0,,0,0,,0,0,
printing press machine,0,0,,0,0,,0,0,,0,0,,0,0,,0,0,
screen print vs heat transfer,0,0,,0,0,,0,0,,0,0,,0,0,,0,0,
shirt maker machine,0,0,,0,0,,0,0,,0,0,,0,0,,0,0,
shirt printer machine,0,0,,0,0,,0,0,,0,0,,0,0,,0,0,
shirt printing machine,0,0,,0,0,,0,0,,0,0,,0,0,,0,0,
sublimation shirts nearby,0,0,,0,0,,0,0,,0,0,,0,0,,0,0,
t shirt printing clearwater fl,0,0,,0,0,,0,0,,0,0,,0,0,,0,0,
t shirt screen printing machine,0,0,,0,0,,0,0,,0,0,,0,0,,0,0,
tshirt design,0,0,,0,0,,0,0,,0,0,,0,0,,0,0,
what printer do you need for sublimation,0,0,,0,0,,0,0,,0,0,,0,0,,0,0,
