query,page,clicks,impressions,ctr,position,match_type,matched_seed
dtf printer usa,https://dtfprinterusa.com/,36,398,9.05%,1.8,exact,
dtf printer,https://dtfprinterusa.com/,9,3024,0.30%,13.5,exact,
dtf printers for sale,https://dtfprinterusa.com/,7,1278,0.55%,10.2,exact,
dtf printers,https://dtfprinterusa.com/,2,483,0.41%,16.4,exact,
dtf printer usa,https://dtfprinterusa.com/collections/dtf-printer,1,278,0.36%,1.2,exact,
best dtf printer for small business,https://dtfprinterusa.com/blogs/blog/what-is-the-best-dtf-printer-for-small-business,1,192,0.52%,16.0,exact,
dtf machine,https://dtfprinterusa.com/,1,168,0.60%,15.8,exact,
best heat press machine,https://dtfprinterusa.com/blogs/blog/best-heat-press-machines-for-all-your-needs-in-2025,1,68,1.47%,39.6,exact,
dtf ink,https://dtfprinterusa.com/collections/dtf-inks-t-shirts-hats,1,28,3.57%,57.4,exact,
dtf printer,https://dtfprinterusa.com/products/16-5-inch-all-one-dtf-printer-powder-shaker?variant=42433420394532&country=US&currency=USD&utm_medium=product_sync&utm_source=google&utm_content=sag_organic&utm_campaign=sag_organic&com_cvv=8fb3d522dc163aeadb66e08cd7450cbbdddc64c6cf2e8891f6d48747c6d56d2c,1,20,5.00%,3.8,exact,
dtf machine printer,https://dtfprinterusa.com/products/16-5-inch-all-one-dtf-printer-powder-shaker?variant=42433420394532&country=US&currency=USD&utm_medium=product_sync&utm_source=google&utm_content=sag_organic&utm_campaign=sag_organic&com_cvv=8fb3d522dc163aeadb66e08cd7450cbbdddc64c6cf2e8891f6d48747c6d56d2c,1,4,25.00%,1.2,exact,
dtf printer usa,https://dtfprinterusa.com/products/dtf-printer-set-up-service,1,1,100.00%,1.0,exact,
dtf transfers,https://dtfprinterusa.com/,1,1,100.00%,1.0,exact,
dtf printer usa,https://dtfprinterusa.com/pages/contact-us,0,291,0.00%,1.6,exact,
dtf printer,https://dtfprinterusa.com/collections/dtf-printer,0,136,0.00%,72.6,exact,
dtf printer for beginners,https://dtfprinterusa.com/blogs/blog/guide-dtf-printer-for-beginners-and-for-small-businesses,0,107,0.00%,17.8,exact,
dtf printer nearby,https://dtfprinterusa.com/,0,102,0.00%,18.2,exact,
dtf printer ink,https://dtfprinterusa.com/products/uv-dtf-printer-usa-black-ink-1-liter,0,98,0.00%,21.2,exact,
dtf transfer printer,https://dtfprinterusa.com/,0,94,0.00%,36.2,exact,
dtf printers,https://dtfprinterusa.com/collections/dtf-printer,0,74,0.00%,77.6,exact,
dtf machine printer,https://dtfprinterusa.com/,0,67,0.00%,20.4,exact,
dtf printer near me,https://dtfprinterusa.com/,0,64,0.00%,20.6,exact,
dtf printers for sale near me,https://dtfprinterusa.com/,0,60,0.00%,13.9,exact,
dtf printer for sale near me,https://dtfprinterusa.com/,0,59,0.00%,12.2,exact,
dtf transfer paper,https://dtfprinterusa.com/collections/dtf-film,0,58,0.00%,51.8,exact,
dtf printers near me,https://dtfprinterusa.com/,0,56,0.00%,11.9,exact,
dtf transfer film,https://dtfprinterusa.com/collections/dtf-film,0,54,0.00%,49.2,exact,
dtf ink,https://dtfprinterusa.com/products/dtf-white-ink-1-liter,0,43,0.00%,45.3,exact,
dtf printer ink,https://dtfprinterusa.com/products/dtf-white-ink-1-liter,0,42,0.00%,48.1,exact,
dtf powder,https://dtfprinterusa.com/collections/dtf-transfer-powders,0,41,0.00%,49.4,exact,
direct to film printer,https://dtfprinterusa.com/,0,39,0.00%,54.2,exact,
dtf printer usa,https://dtfprinterusa.com/pages/about-dtf-printer-usa,0,33,0.00%,10.6,exact,
dtf printers for sale,https://dtfprinterusa.com/collections/dtf-printer,0,32,0.00%,69.2,exact,
best dtf printer for small business,https://dtfprinterusa.com/,0,28,0.00%,12.1,exact,
direct to film printer,https://dtfprinterusa.com/collections/dtf-printer,0,27,0.00%,64.3,exact,
dtf printer price,https://dtfprinterusa.com/,0,26,0.00%,10.4,exact,
dtf powder,https://dtfprinterusa.com/products/dtf-transfer-premium-powder-1-kg,0,25,0.00%,57.8,exact,
press machine,https://dtfprinterusa.com/collections/heat-presses,0,24,0.00%,62.8,exact,
dtf powder,https://dtfprinterusa.com/products/dtf-transfer-medium-powder,0,22,0.00%,61.5,exact,
dtf printer,https://dtfprinterusa.com/products/16-5-inch-all-one-dtf-printer-powder-shaker?variant=42433420394532&country=US&currency=USD&utm_medium=product_sync&utm_source=google&utm_content=sag_organic&utm_campaign=sag_organic,0,21,0.00%,4.0,exact,
dtf transfer powder,https://dtfprinterusa.com/products/dtf-transfer-premium-powder-1-kg,0,16,0.00%,38.2,exact,
dtf machine,https://dtfprinterusa.com/blogs/blog/dtf-machine-printing-process-guide,0,15,0.00%,2.9,exact,
heat press machine,https://dtfprinterusa.com/blogs/blog/best-heat-press-machines-for-all-your-needs-in-2025,0,15,0.00%,3.5,exact,
dtf ink,https://dtfprinterusa.com/products/dtf-black-ink-1-liter,0,14,0.00%,73.5,exact,
dtf printer,https://dtfprinterusa.com/blogs/blog/guide-dtf-printer-for-beginners-and-for-small-businesses,0,14,0.00%,3.4,exact,
transfer film,https://dtfprinterusa.com/collections/dtf-film,0,13,0.00%,48.4,exact,
a3 dtf printer,https://dtfprinterusa.com/products/a3-dtf-paper,0,11,0.00%,41.8,exact,
dtf printer ink,https://dtfprinterusa.com/collections/dtf-inks-t-shirts-hats,0,10,0.00%,85.1,exact,
dtf printer ink,https://dtfprinterusa.com/products/dtf-black-ink-1-liter,0,10,0.00%,44.4,exact,
dtf transfer powder,https://dtfprinterusa.com/collections/dtf-transfer-powders,0,9,0.00%,49.0,exact,
dtf printer ink,https://dtfprinterusa.com/products/uv-dtf-printer-usa-white-ink-1-liter,0,8,0.00%,91.1,exact,
dtf printer usa,https://dtfprinterusa.com/collections/all,0,8,0.00%,1.4,exact,
dtf machine,https://dtfprinterusa.com/collections/dtf-printer,0,7,0.00%,70.0,exact,
dtf printer usa,https://dtfprinterusa.com/products/dtf-black-ink-1-liter,0,7,0.00%,1.6,exact,
dtf printer usa,https://dtfprinterusa.com/products/dtf-cyan-ink-1-liter,0,7,0.00%,1.6,exact,
dtf printer usa,https://dtfprinterusa.com/products/dtf-magenta-ink-1-liter,0,7,0.00%,1.6,exact,
dtf printer usa,https://dtfprinterusa.com/products/dtf-white-ink-1-liter,0,7,0.00%,1.6,exact,
transfer powder,https://dtfprinterusa.com/products/dtf-transfer-premium-powder-1-kg,0,7,0.00%,33.0,exact,
dtf ink,https://dtfprinterusa.com/,0,6,0.00%,7.3,exact,
dtf machine,https://dtfprinterusa.com/products/16-5-inch-all-one-dtf-printer-powder-shaker?variant=42433420394532&country=US&currency=USD&utm_medium=product_sync&utm_source=google&utm_content=sag_organic&utm_campaign=sag_organic,0,6,0.00%,1.5,exact,
dtf machine,https://dtfprinterusa.com/products/16-5-inch-all-one-dtf-printer-powder-shaker?variant=42433420394532&country=US&currency=USD&utm_medium=product_sync&utm_source=google&utm_content=sag_organic&utm_campaign=sag_organic&com_cvv=8fb3d522dc163aeadb66e08cd7450cbbdddc64c6cf2e8891f6d48747c6d56d2c,0,6,0.00%,1.5,exact,
dtf machine printer,https://dtfprinterusa.com/collections/dtf-printer,0,6,0.00%,73.3,exact,
dtf printer,https://dtfprinterusa.com/blogs/blog/dtf-printer-buying-guide,0,6,0.00%,1.8,exact,
best dtf powder,https://dtfprinterusa.com/collections/dtf-transfer-powders,0,5,0.00%,42.2,exact,
dtf ink,https://dtfprinterusa.com/products/uv-dtf-printer-usa-black-ink-1-liter,0,5,0.00%,83.0,exact,
dtf printer usa,https://dtfprinterusa.com/collections/dtf-printers-and-dryers,0,5,0.00%,18.6,exact,
dtf printer usa,https://dtfprinterusa.com/collections/dtf-printing-supplies-sale,0,5,0.00%,1.2,exact,
dtf transfer powder,https://dtfprinterusa.com/products/dtf-transfer-medium-powder,0,5,0.00%,62.0,exact,
dtf transfer printer near me,https://dtfprinterusa.com/,0,5,0.00%,14.2,exact,
heat press,https://dtfprinterusa.com/blogs/blog/best-heat-press-machines-for-all-your-needs-in-2025,0,5,0.00%,1.0,exact,
transfer powder,https://dtfprinterusa.com/products/dtf-transfer-medium-powder,0,5,0.00%,46.6,exact,
dtf film and powder,https://dtfprinterusa.com/products/dtf-transfer-medium-powder,0,4,0.00%,65.8,exact,
dtf ink,https://dtfprinterusa.com/products/uv-dtf-printer-usa-varnish-ink-1-liter,0,4,0.00%,79.2,exact,
dtf machine printer,https://dtfprinterusa.com/products/16-5-inch-all-one-dtf-printer-powder-shaker?variant=42433420394532&country=US&currency=USD&utm_medium=product_sync&utm_source=google&utm_content=sag_organic&utm_campaign=sag_organic,0,4,0.00%,1.2,exact,
dtf printer ink,https://dtfprinterusa.com/products/uv-dtf-printer-usa-varnish-ink-1-liter,0,4,0.00%,75.0,exact,
dtf printer usa,https://dtfprinterusa.com/pages/set-up-service,0,4,0.00%,25.8,exact,
dtf film and powder,https://dtfprinterusa.com/products/dtf-transfer-premium-powder-1-kg,0,3,0.00%,47.0,exact,
dtf printer usa,https://dtfprinterusa.com/products/1-lt-batch-dtf-ink,0,3,0.00%,2.0,exact,
dtf printer usa,https://dtfprinterusa.com/products/24-inch-dtf-printer-4-epson-i3200-printheads,0,3,0.00%,37.0,exact,
dtf printer usa,https://dtfprinterusa.com/products/dtf-yellow-ink-1-liter,0,3,0.00%,2.0,exact,
procolored dtf printer,https://dtfprinterusa.com/,0,3,0.00%,7.3,exact,
transfer printer,https://dtfprinterusa.com/blogs/blog/dtf-printer-buying-guide,0,3,0.00%,1.3,exact,
what kind of printer do you need for dtf,https://dtfprinterusa.com/blogs/blog/guide-dtf-printer-for-beginners-and-for-small-businesses,0,3,0.00%,16.3,exact,
what printer to use for dtf,https://dtfprinterusa.com/blogs/blog/guide-dtf-printer-for-beginners-and-for-small-businesses,0,3,0.00%,20.3,exact,
best dtf printer for small business,https://dtfprinterusa.com/blogs/blog/best-dtf-printer-for-small-business,0,2,0.00%,90.5,exact,
dtf film and powder,https://dtfprinterusa.com/collections/dtf-transfer-powders,0,2,0.00%,50.5,exact,
dtf ink,https://dtfprinterusa.com/products/uv-dtf-printer-usa-white-ink-1-liter,0,2,0.00%,98.0,exact,
dtf printer,https://dtfprinterusa.com/blogs/blog/what-is-the-best-dtf-printer-for-small-business,0,2,0.00%,1.0,exact,
dtf printers,https://dtfprinterusa.com/blogs/blog/dtf-printer-buying-guide,0,2,0.00%,1.0,exact,
dtf printers for sale,https://dtfprinterusa.com/products/16-5-inch-all-one-dtf-printer-powder-shaker?variant=42433420394532&country=US&currency=USD&utm_medium=product_sync&utm_source=google&utm_content=sag_organic&utm_campaign=sag_organic,0,2,0.00%,1.0,exact,
dtf printers for sale,https://dtfprinterusa.com/products/16-5-inch-all-one-dtf-printer-powder-shaker?variant=42433420394532&country=US&currency=USD&utm_medium=product_sync&utm_source=google&utm_content=sag_organic&utm_campaign=sag_organic&com_cvv=8fb3d522dc163aeadb66e08cd7450cbbdddc64c6cf2e8891f6d48747c6d56d2c,0,2,0.00%,1.0,exact,
hot press machine,https://dtfprinterusa.com/blogs/blog/best-heat-press-machines-for-all-your-needs-in-2025,0,2,0.00%,1.0,exact,
transfer powder,https://dtfprinterusa.com/collections/dtf-transfer-powders,0,2,0.00%,47.5,exact,
what printer is needed for dtf,https://dtfprinterusa.com/blogs/blog/guide-dtf-printer-for-beginners-and-for-small-businesses,0,2,0.00%,16.0,exact,
a3 dtf printer,https://dtfprinterusa.com/,0,1,0.00%,5.0,exact,
best dtf powder,https://dtfprinterusa.com/collections/dtf-printing-supplies-sale,0,1,0.00%,1.0,exact,
best dtf printer,https://dtfprinterusa.com/products/16-5-inch-all-one-dtf-printer-powder-shaker?variant=42433420394532&country=US&currency=USD&utm_medium=product_sync&utm_source=google&utm_content=sag_organic&utm_campaign=sag_organic,0,1,0.00%,2.0,exact,
best dtf printer,https://dtfprinterusa.com/products/16-5-inch-all-one-dtf-printer-powder-shaker?variant=42433420394532&country=US&currency=USD&utm_medium=product_sync&utm_source=google&utm_content=sag_organic&utm_campaign=sag_organic&com_cvv=8fb3d522dc163aeadb66e08cd7450cbbdddc64c6cf2e8891f6d48747c6d56d2c,0,1,0.00%,2.0,exact,
best dtf printer,https://dtfprinterusa.com/products/24-inch-dtf-printer-4-epson-i3200-printheads?variant=40614893486116&country=US&currency=USD&utm_medium=product_sync&utm_source=google&utm_content=sag_organic&utm_campaign=sag_organic,0,1,0.00%,7.0,exact,
best dtf printer for small business,https://dtfprinterusa.com/blogs/blog/anatomy-of-a-dtf-printer,0,1,0.00%,1.0,exact,
best dtf printer for small business,https://dtfprinterusa.com/products/12-inch-dtf-printer-dual-epson-i1600-printheads?variant=43120779001892&country=US&currency=USD&utm_medium=product_sync&utm_source=google&utm_content=sag_organic&utm_campaign=sag_organic,0,1,0.00%,3.0,exact,
best dtf printer for small business,https://dtfprinterusa.com/products/12-inch-dtf-printer-dual-epson-i1600-printheads?variant=43120779001892&country=US&currency=USD&utm_medium=product_sync&utm_source=google&utm_content=sag_organic&utm_campaign=sag_organic&com_cvv=8fb3d522dc163aeadb66e08cd7450cbbdddc64c6cf2e8891f6d48747c6d56d2c,0,1,0.00%,3.0,exact,
dtf machine,https://dtfprinterusa.com/blogs/blog/anatomy-of-a-dtf-printer,0,1,0.00%,11.0,exact,
dtf machine,https://dtfprinterusa.com/blogs/blog/dtf-printer-buying-guide,0,1,0.00%,1.0,exact,
dtf machine,https://dtfprinterusa.com/blogs/blog/types-of-dtf-printers-which-one-fits-your-needs,0,1,0.00%,1.0,exact,
dtf powder,https://dtfprinterusa.com/,0,1,0.00%,3.0,exact,
dtf powder,https://dtfprinterusa.com/products/dtf-transfer-fine-powder,0,1,0.00%,13.0,exact,
dtf printer,https://dtfprinterusa.com/collections/dtf-printers-and-dryers,0,1,0.00%,10.0,exact,
dtf printer,https://dtfprinterusa.com/products/12-inch-dtf-printer-dual-epson-i1600-printheads?variant=43120779001892&country=US&currency=USD&utm_medium=product_sync&utm_source=google&utm_content=sag_organic&utm_campaign=sag_organic,0,1,0.00%,1.0,exact,
dtf printer,https://dtfprinterusa.com/products/24-inch-dtf-printer-4-epson-i3200-printheads?variant=40614893486116&country=US&currency=USD&utm_medium=product_sync&utm_source=google&utm_content=sag_organic&utm_campaign=sag_organic,0,1,0.00%,8.0,exact,
dtf printer,https://dtfprinterusa.com/products/24-inch-dtf-printer-4-epson-i3200-printheads?variant=40614893486116&country=US&currency=USD&utm_medium=product_sync&utm_source=google&utm_content=sag_organic&utm_campaign=sag_organic&com_cvv=8fb3d522dc163aeadb66e08cd7450cbbdddc64c6cf2e8891f6d48747c6d56d2c,0,1,0.00%,8.0,exact,
dtf printer,https://dtfprinterusa.com/products/24-inch-dtf-printer-5-epson-i3200-printheads,0,1,0.00%,3.0,exact,
dtf printer for beginners,https://dtfprinterusa.com/blogs/blog/best-dtf-printer-for-small-business,0,1,0.00%,11.0,exact,
dtf printer for sale near me,https://dtfprinterusa.com/collections/all,0,1,0.00%,95.0,exact,
dtf printer ink,https://dtfprinterusa.com/products/uv-dtf-printer-usa-cyan-ink-1-liter,0,1,0.00%,78.0,exact,
dtf printer near me,https://dtfprinterusa.com/blogs/blog/how-to-print-dtf-on-black-t-shirts,0,1,0.00%,5.0,exact,
dtf printer nearby,https://dtfprinterusa.com/products/16-5-inch-all-one-dtf-printer-powder-shaker?variant=42433420394532&country=US&currency=USD&utm_medium=product_sync&utm_source=google&utm_content=sag_organic&utm_campaign=sag_organic,0,1,0.00%,1.0,exact,
dtf printer nearby,https://dtfprinterusa.com/products/16-5-inch-all-one-dtf-printer-powder-shaker?variant=42433420394532&country=US&currency=USD&utm_medium=product_sync&utm_source=google&utm_content=sag_organic&utm_campaign=sag_organic&com_cvv=8fb3d522dc163aeadb66e08cd7450cbbdddc64c6cf2e8891f6d48747c6d56d2c,0,1,0.00%,1.0,exact,
dtf printer price,https://dtfprinterusa.com/products/16-5-inch-all-one-dtf-printer-powder-shaker?variant=42433420394532&country=US&currency=USD&utm_medium=product_sync&utm_source=google&utm_content=sag_organic&utm_campaign=sag_organic,0,1,0.00%,1.0,exact,
dtf printer price,https://dtfprinterusa.com/products/16-5-inch-all-one-dtf-printer-powder-shaker?variant=42433420394532&country=US&currency=USD&utm_medium=product_sync&utm_source=google&utm_content=sag_organic&utm_campaign=sag_organic&com_cvv=8fb3d522dc163aeadb66e08cd7450cbbdddc64c6cf2e8891f6d48747c6d56d2c,0,1,0.00%,1.0,exact,
dtf printer usa,https://dtfprinterusa.com/collections,0,1,0.00%,5.0,exact,
dtf printer usa,https://dtfprinterusa.com/collections/uv-dtf-printer,0,1,0.00%,3.0,exact,
dtf printer usa,https://dtfprinterusa.com/products/24-inch-automatic-dtf-powder-shaker-dryer,0,1,0.00%,79.0,exact,
dtf printer usa,https://dtfprinterusa.com/products/dtf-transfer-fine-powder,0,1,0.00%,1.0,exact,
dtf printers,https://dtfprinterusa.com/blogs/blog/anatomy-of-a-dtf-printer,0,1,0.00%,2.0,exact,
dtf printers,https://dtfprinterusa.com/blogs/blog/dtf-film-transfer-process-explained-from-printing-to-heat-pressing,0,1,0.00%,17.0,exact,
dtf printers,https://dtfprinterusa.com/blogs/blog/guide-dtf-printer-for-beginners-and-for-small-businesses,0,1,0.00%,6.0,exact,
dtf printers,https://dtfprinterusa.com/collections/all,0,1,0.00%,77.0,exact,
dtf printers,https://dtfprinterusa.com/pages/contact-us,0,1,0.00%,6.0,exact,
dtf printers,https://dtfprinterusa.com/products/12-inch-dtf-printer-dual-epson-i1600-printheads?variant=43120779001892&country=US&currency=USD&utm_medium=product_sync&utm_source=google&utm_content=sag_organic&utm_campaign=sag_organic,0,1,0.00%,2.0,exact,
dtf printers,https://dtfprinterusa.com/products/12-inch-dtf-printer-dual-epson-i1600-printheads?variant=43120779001892&country=US&currency=USD&utm_medium=product_sync&utm_source=google&utm_content=sag_organic&utm_campaign=sag_organic&com_cvv=8fb3d522dc163aeadb66e08cd7450cbbdddc64c6cf2e8891f6d48747c6d56d2c,0,1,0.00%,2.0,exact,
dtf printers,https://dtfprinterusa.com/products/16-5-inch-all-one-dtf-printer-powder-shaker?variant=42433420394532&country=US&currency=USD&utm_medium=product_sync&utm_source=google&utm_content=sag_organic&utm_campaign=sag_organic,0,1,0.00%,4.0,exact,
dtf printers,https://dtfprinterusa.com/products/16-5-inch-all-one-dtf-printer-powder-shaker?variant=42433420394532&country=US&currency=USD&utm_medium=product_sync&utm_source=google&utm_content=sag_organic&utm_campaign=sag_organic&com_cvv=8fb3d522dc163aeadb66e08cd7450cbbdddc64c6cf2e8891f6d48747c6d56d2c,0,1,0.00%,4.0,exact,
dtf printers,https://dtfprinterusa.com/products/24-inch-dtf-printer-4-epson-i3200-printheads?variant=40614893486116&country=US&currency=USD&utm_medium=product_sync&utm_source=google&utm_content=sag_organic&utm_campaign=sag_organic,0,1,0.00%,5.0,exact,
dtf printers,https://dtfprinterusa.com/products/24-inch-dtf-printer-4-epson-i3200-printheads?variant=40614893486116&country=US&currency=USD&utm_medium=product_sync&utm_source=google&utm_content=sag_organic&utm_campaign=sag_organic&com_cvv=8fb3d522dc163aeadb66e08cd7450cbbdddc64c6cf2e8891f6d48747c6d56d2c,0,1,0.00%,5.0,exact,
dtf printers for sale,https://dtfprinterusa.com/blogs/blog/guide-dtf-printer-for-beginners-and-for-small-businesses,0,1,0.00%,8.0,exact,
dtf printers for sale,https://dtfprinterusa.com/pages/about-dtf-printer-usa,0,1,0.00%,3.0,exact,
dtf printers for sale,https://dtfprinterusa.com/pages/contact-us,0,1,0.00%,4.0,exact,
dtf transfer film,https://dtfprinterusa.com/blogs/blog/dtf-film-transfer-process-explained-from-printing-to-heat-pressing,0,1,0.00%,1.0,exact,
dtf transfer printer,https://dtfprinterusa.com/collections/dtf-printer,0,1,0.00%,19.0,exact,
dtf transfers,https://dtfprinterusa.com/blogs/blog/dtf-film-transfer-process-explained-from-printing-to-heat-pressing,0,1,0.00%,1.0,exact,
dtf transfers,https://dtfprinterusa.com/blogs/blog/how-to-print-dtf-on-black-t-shirts,0,1,0.00%,1.0,exact,
dtf transfers,https://dtfprinterusa.com/pages/contact-us,0,1,0.00%,1.0,exact,
heat press machine for shirts,https://dtfprinterusa.com/blogs/blog/best-heat-press-machines-for-all-your-needs-in-2025,0,1,0.00%,1.0,exact,
heat transfer machine,https://dtfprinterusa.com/blogs/blog/best-heat-press-machines-for-all-your-needs-in-2025,0,1,0.00%,1.0,exact,
local dtf printing,https://dtfprinterusa.com/,0,1,0.00%,7.0,exact,
shirt press machine,https://dtfprinterusa.com/blogs/blog/best-heat-press-machines-for-all-your-needs-in-2025,0,1,0.00%,5.0,exact,
t shirt printing machine,https://dtfprinterusa.com/collections/dtf-printers-and-dryers,0,1,0.00%,1.0,exact,
what is dtf transfer printer,https://dtfprinterusa.com/blogs/blog/dtf-machine-printing-process-guide,0,1,0.00%,79.0,exact,
what kind of printer do you need for dtf,https://dtfprinterusa.com/blogs/blog/dtf-printer-buying-guide,0,1,0.00%,1.0,exact,
what printer is needed for dtf,https://dtfprinterusa.com/,0,1,0.00%,48.0,exact,
what printer to use for dtf,https://dtfprinterusa.com/blogs/blog/dtf-printer-buying-guide,0,1,0.00%,1.0,exact,
